neurons,best_acc,best_val,depth_at_best,global_epoch_at_best,widths_at_best,__k_estimated_from__,__alpha__
30,0.49373333333333336,1.4047073333333333,2,191.33333333333334,"[10, 10]",shape-aware_interpolation_between_k1_and_k10,0.6666666666666666
60,0.5871333333333333,1.1633266666666666,2,332.6666666666667,"[20, 20]",shape-aware_interpolation_between_k1_and_k10,0.6666666666666666
90,0.6355333333333334,1.0144273333333333,2,556.3333333333334,"[30, 30]",shape-aware_interpolation_between_k1_and_k10,0.6666666666666666
240,0.7418,0.7484653333333333,3,1271.3333333333335,"[69, 69, 69]",shape-aware_interpolation_between_k1_and_k10,0.6666666666666666
300,0.7560666666666667,0.7174173333333334,3,1455.0,"[83, 83, 83]",shape-aware_interpolation_between_k1_and_k10,0.6666666666666666
