{
  "architecture": [
    160,
    160,
    160,
    160,
    160,
    160
  ],
  "best_epoch": 80,
  "best_val": 0.29123982787132263,
  "candidate_dir": "MLPS/tabular/shared/dae_dnn/results/stl/small_grid/prediction/stl_ablation/d06/w160/cand_000",
  "depth": 6,
  "final_epoch": 90,
  "params": 132321,
  "phase": "stl_ablation_d06_w160_160_160_160_160_160_160",
  "resumed": false,
  "test_metrics": {
    "test_loss": 0.27969077229499817
  },
  "width": 160
}