task,family,phase,architecture,params,best_val,test_loss,test_acc,knn_acc,cluster_nmi
representation,ADP,ae_width_only,"[79, 79, 79, 79, 79, 79, 79, 79, 79, 78]",63276,0.08348248635280588,,,,
representation,STL_paired,stl_from_ae_width_only,"[79, 79, 79, 79, 79, 79, 79, 79, 79, 78]",63276,0.16788437178708548,0.16750186799903147,0.9353711640075042,0.9546823634705083,0.6125564742847402
