{
  "architecture": [
    192,
    192,
    192,
    192,
    192,
    192,
    192,
    192,
    192,
    192
  ],
  "batch_index": 16,
  "batch_size": 8480,
  "batches_per_epoch": 20,
  "best_epoch": 27,
  "best_val": 0.013123974323626287,
  "candidate_dir": "MLPS/tabular/shared/dae_dnn/results/recovery/missing_width_stl_v1/small_grid_anomaly/_children/stl_ablation_r01_d10_w0192_192_192_192_192_192_192_192_192_192_192/anomaly/stl_ablation_r03_d10_w0192_192_192_192_192_192_192_192_192_192_192/cand_000_d10_w192",
  "checkpoint_best": "MLPS/tabular/shared/dae_dnn/results/recovery/missing_width_stl_v1/small_grid_anomaly/_children/stl_ablation_r01_d10_w0192_192_192_192_192_192_192_192_192_192_192/anomaly/stl_ablation_r03_d10_w0192_192_192_192_192_192_192_192_192_192_192/cand_000_d10_w192/checkpoint_best.pt",
  "checkpoint_last": "MLPS/tabular/shared/dae_dnn/results/recovery/missing_width_stl_v1/small_grid_anomaly/_children/stl_ablation_r01_d10_w0192_192_192_192_192_192_192_192_192_192_192/anomaly/stl_ablation_r03_d10_w0192_192_192_192_192_192_192_192_192_192_192/cand_000_d10_w192/checkpoint_last.pt",
  "completed": false,
  "epoch": 28,
  "epoch_complete": false,
  "epoch_seed": 28,
  "es_counter": 0,
  "final_epoch": 28,
  "phase": "stl_ablation_r03_d10_w0192_192_192_192_192_192_192_192_192_192_192",
  "reconstruct": false,
  "running_train_batches": 16,
  "running_train_correct": 0.0,
  "running_train_loss": 1636.6197265684605,
  "running_train_samples": 135680,
  "task": "anomaly"
}