{
  "architecture": [
    1284,
    1284,
    1284,
    1284,
    1284,
    1284,
    1284
  ],
  "batch_index": 12,
  "batch_size": 582,
  "batches_per_epoch": 799,
  "best_epoch": 7,
  "best_val": 0.17374179173914348,
  "candidate_dir": "MLPS\\tabular\\shared\\dae_dnn\\results\\stl\\ablation\\parammatched_decade_v1_param_10pow07_08_fresh_v1\\classification\\_children\\stl_ablation_r01_d07_w1284_1284_1284_1284_1284_1284_1284_1284\\classification\\stl_ablation_r01_d07_w1284_1284_1284_1284_1284_1284_1284_1284\\cand_000_d7_w1284",
  "checkpoint_best": "MLPS\\tabular\\shared\\dae_dnn\\results\\stl\\ablation\\parammatched_decade_v1_param_10pow07_08_fresh_v1\\classification\\_children\\stl_ablation_r01_d07_w1284_1284_1284_1284_1284_1284_1284_1284\\classification\\stl_ablation_r01_d07_w1284_1284_1284_1284_1284_1284_1284_1284\\cand_000_d7_w1284\\checkpoint_best.pt",
  "checkpoint_last": "MLPS\\tabular\\shared\\dae_dnn\\results\\stl\\ablation\\parammatched_decade_v1_param_10pow07_08_fresh_v1\\classification\\_children\\stl_ablation_r01_d07_w1284_1284_1284_1284_1284_1284_1284_1284\\classification\\stl_ablation_r01_d07_w1284_1284_1284_1284_1284_1284_1284_1284\\cand_000_d7_w1284\\checkpoint_last.pt",
  "completed": false,
  "epoch": 9,
  "epoch_complete": false,
  "epoch_seed": 9,
  "es_counter": 1,
  "final_epoch": 9,
  "phase": "stl_ablation_r01_d07_w1284_1284_1284_1284_1284_1284_1284_1284",
  "reconstruct": false,
  "running_train_batches": 12,
  "running_train_correct": 6507.0,
  "running_train_loss": 1217.383398860693,
  "running_train_samples": 6984,
  "task": "classification"
}