{
  "architecture": [
    1284,
    1284,
    1284,
    1284,
    1284,
    1284,
    1284
  ],
  "batch_index": 299,
  "batch_size": 1164,
  "batches_per_epoch": 400,
  "best_epoch": 7,
  "best_val": 0.17374179173914348,
  "candidate_dir": "MLPS\\tabular\\shared\\dae_dnn\\results\\stl\\ablation\\parammatched_decade_v1_param_10pow07_08_fresh_v1\\classification\\_children\\stl_ablation_r01_d07_w1284_1284_1284_1284_1284_1284_1284_1284\\classification\\stl_ablation_r01_d07_w1284_1284_1284_1284_1284_1284_1284_1284\\cand_000_d7_w1284",
  "checkpoint_best": "MLPS\\tabular\\shared\\dae_dnn\\results\\stl\\ablation\\parammatched_decade_v1_param_10pow07_08_fresh_v1\\classification\\_children\\stl_ablation_r01_d07_w1284_1284_1284_1284_1284_1284_1284_1284\\classification\\stl_ablation_r01_d07_w1284_1284_1284_1284_1284_1284_1284_1284\\cand_000_d7_w1284\\checkpoint_best.pt",
  "checkpoint_last": "MLPS\\tabular\\shared\\dae_dnn\\results\\stl\\ablation\\parammatched_decade_v1_param_10pow07_08_fresh_v1\\classification\\_children\\stl_ablation_r01_d07_w1284_1284_1284_1284_1284_1284_1284_1284\\classification\\stl_ablation_r01_d07_w1284_1284_1284_1284_1284_1284_1284_1284\\cand_000_d7_w1284\\checkpoint_last.pt",
  "completed": false,
  "epoch": 8,
  "epoch_complete": false,
  "epoch_seed": 8,
  "es_counter": 0,
  "final_epoch": 8,
  "phase": "stl_ablation_r01_d07_w1284_1284_1284_1284_1284_1284_1284_1284",
  "reconstruct": false,
  "running_train_batches": 299,
  "running_train_correct": 325419.0,
  "running_train_loss": 55239.728016614914,
  "running_train_samples": 348036,
  "task": "classification"
}