task,family,phase,architecture,params,best_val,test_loss,test_acc,knn_acc,cluster_nmi
representation,ADP,ae_width_only,"[107, 107, 106, 106, 106]",53386,0.0867341563217917,,,,
representation,STL_paired,stl_from_ae_width_only,"[107, 107, 106, 106, 106]",53386,0.15969482642458657,0.16150364011274254,0.9370923047796079,0.9520318066814685,0.45669071873665
