{
  "architecture": [
    1186,
    1186,
    1186,
    1186,
    1186,
    1186,
    1186,
    1186
  ],
  "batch_index": 684,
  "batch_size": 582,
  "batches_per_epoch": 799,
  "best_epoch": 2,
  "best_val": 1.0081360136009354,
  "candidate_dir": "MLPS\\tabular\\shared\\dae_dnn\\results\\stl\\ablation\\parammatched_decade_v1_param_10pow07_08_fresh_v1\\generation\\_children\\stl_ablation_r01_d08_w1186_1186_1186_1186_1186_1186_1186_1186_1186\\generation\\stl_ablation_r01_d08_w1186_1186_1186_1186_1186_1186_1186_1186_1186\\cand_000_d8_w1186",
  "checkpoint_best": "MLPS\\tabular\\shared\\dae_dnn\\results\\stl\\ablation\\parammatched_decade_v1_param_10pow07_08_fresh_v1\\generation\\_children\\stl_ablation_r01_d08_w1186_1186_1186_1186_1186_1186_1186_1186_1186\\generation\\stl_ablation_r01_d08_w1186_1186_1186_1186_1186_1186_1186_1186_1186\\cand_000_d8_w1186\\checkpoint_best.pt",
  "checkpoint_last": "MLPS\\tabular\\shared\\dae_dnn\\results\\stl\\ablation\\parammatched_decade_v1_param_10pow07_08_fresh_v1\\generation\\_children\\stl_ablation_r01_d08_w1186_1186_1186_1186_1186_1186_1186_1186_1186\\generation\\stl_ablation_r01_d08_w1186_1186_1186_1186_1186_1186_1186_1186_1186\\cand_000_d8_w1186\\checkpoint_last.pt",
  "completed": false,
  "epoch": 6,
  "epoch_complete": false,
  "epoch_seed": 6,
  "es_counter": 3,
  "final_epoch": 6,
  "phase": "stl_ablation_r01_d08_w1186_1186_1186_1186_1186_1186_1186_1186_1186",
  "reconstruct": false,
  "running_train_batches": 684,
  "running_train_correct": 0.0,
  "running_train_loss": 401080.82124209404,
  "running_train_samples": 398088,
  "task": "generation"
}