task,repeat,row_type,phase,architecture,parameter_count,best_val,best_epoch,final_epoch,test_loss,test_acc
anomaly,1,ablation_stl,stl_ablation_r01_d08_w0128_128_128_128_128_128_128_128_128,"[128, 128, 128, 128, 128, 128, 128, 128]",131638,0.0017519855933999236,75,85,0.3118962752807597,
anomaly,2,ablation_stl,stl_ablation_r02_d08_w0128_128_128_128_128_128_128_128_128,"[128, 128, 128, 128, 128, 128, 128, 128]",131638,0.001521344473337204,81,91,0.3081320071937334,
anomaly,3,ablation_stl,stl_ablation_r03_d08_w0128_128_128_128_128_128_128_128_128,"[128, 128, 128, 128, 128, 128, 128, 128]",131638,0.0022116887253210986,56,66,0.3148818930634385,
anomaly,4,ablation_stl,stl_ablation_r04_d08_w0128_128_128_128_128_128_128_128_128,"[128, 128, 128, 128, 128, 128, 128, 128]",131638,0.0027751997653373806,44,54,0.31425554535445516,
anomaly,5,ablation_stl,stl_ablation_r05_d08_w0128_128_128_128_128_128_128_128_128,"[128, 128, 128, 128, 128, 128, 128, 128]",131638,0.0016152411997762007,73,83,0.2998976921439078,
