task,repeat,row_type,phase,architecture,parameter_count,best_val,best_epoch,final_epoch,test_loss,test_acc
prediction,2,ablation_stl,stl_ablation_r02_d03_w0066_66_66_66,"[66, 66, 66]",9901,0.2983537018299103,162,172,0.2930845618247986,
prediction,3,ablation_stl,stl_ablation_r03_d03_w0066_66_66_66,"[66, 66, 66]",9901,0.2895199954509735,209,219,0.2841598689556122,
prediction,4,ablation_stl,stl_ablation_r04_d03_w0066_66_66_66,"[66, 66, 66]",9901,0.2892695367336273,211,221,0.2778060734272003,
prediction,5,ablation_stl,stl_ablation_r05_d03_w0066_66_66_66,"[66, 66, 66]",9901,0.29167264699935913,209,219,0.28408563137054443,
