{
  "architecture": [
    1987,
    1987,
    1987,
    1987,
    1987,
    1987
  ],
  "batch_index": 21,
  "batch_size": 1060,
  "batches_per_epoch": 160,
  "best_epoch": 5,
  "best_val": 0.01327807419006018,
  "candidate_dir": "MLPS\\tabular\\shared\\dae_dnn\\results\\stl\\ablation\\parammatched_decade_v1_param_10pow07_08_fresh_v1\\anomaly\\_children\\stl_ablation_r01_d06_w1987_1987_1987_1987_1987_1987_1987\\anomaly\\stl_ablation_r01_d06_w1987_1987_1987_1987_1987_1987_1987\\cand_000_d6_w1987",
  "checkpoint_best": "MLPS\\tabular\\shared\\dae_dnn\\results\\stl\\ablation\\parammatched_decade_v1_param_10pow07_08_fresh_v1\\anomaly\\_children\\stl_ablation_r01_d06_w1987_1987_1987_1987_1987_1987_1987\\anomaly\\stl_ablation_r01_d06_w1987_1987_1987_1987_1987_1987_1987\\cand_000_d6_w1987\\checkpoint_best.pt",
  "checkpoint_last": "MLPS\\tabular\\shared\\dae_dnn\\results\\stl\\ablation\\parammatched_decade_v1_param_10pow07_08_fresh_v1\\anomaly\\_children\\stl_ablation_r01_d06_w1987_1987_1987_1987_1987_1987_1987\\anomaly\\stl_ablation_r01_d06_w1987_1987_1987_1987_1987_1987_1987\\cand_000_d6_w1987\\checkpoint_last.pt",
  "completed": false,
  "epoch": 6,
  "epoch_complete": false,
  "epoch_seed": 6,
  "es_counter": 0,
  "final_epoch": 6,
  "phase": "stl_ablation_r01_d06_w1987_1987_1987_1987_1987_1987_1987",
  "reconstruct": false,
  "running_train_batches": 21,
  "running_train_correct": 0.0,
  "running_train_loss": 83.10536023927853,
  "running_train_samples": 22260,
  "task": "anomaly"
}