{
  "architecture": [
    224,
    224,
    224,
    224,
    224,
    224,
    224,
    224
  ],
  "best_epoch": 149,
  "best_val": 0.0012655422324314713,
  "candidate_dir": "MLPS/tabular/shared/dae_dnn/results/stl/small_grid/simulation_prediction_v1/simulation/stl_ablation/d08/w224/cand_000",
  "depth": 8,
  "final_epoch": 159,
  "params": 358625,
  "phase": "stl_ablation_d08_w224_224_224_224_224_224_224_224_224",
  "resumed": false,
  "test_metrics": {
    "test_loss": 0.008553661406040192
  },
  "width": 224
}