task,repeat,row_type,phase,architecture,parameter_count,best_val,best_epoch,final_epoch,test_loss,test_acc
simulation,1,ablation_stl,stl_ablation_r01_d03_w0066_66_66_66,"[66, 66, 66]",9901,0.013801774010062218,106,116,0.014765252359211445,
simulation,2,ablation_stl,stl_ablation_r02_d03_w0066_66_66_66,"[66, 66, 66]",9901,0.004356947727501392,205,215,0.042124200612306595,
simulation,3,ablation_stl,stl_ablation_r03_d03_w0066_66_66_66,"[66, 66, 66]",9901,0.00743966456502676,165,175,0.02209879644215107,
simulation,4,ablation_stl,stl_ablation_r04_d03_w0066_66_66_66,"[66, 66, 66]",9901,0.009010876528918743,131,141,0.055584318935871124,
simulation,5,ablation_stl,stl_ablation_r05_d03_w0066_66_66_66,"[66, 66, 66]",9901,0.005013834685087204,176,186,0.05547388643026352,
