task,repeat,row_type,phase,architecture,parameter_count,best_val,best_epoch,final_epoch,test_loss,test_acc
generation,1,ablation_stl,stl_ablation_r01_d07_w0031_31_31_31_31_31_31_31,"[31, 31, 31, 31, 31, 31, 31]",9819,1.008247969672757,2,12,1.0673728612203348,
generation,2,ablation_stl,stl_ablation_r02_d07_w0031_31_31_31_31_31_31_31,"[31, 31, 31, 31, 31, 31, 31]",9819,1.0082614050250285,2,12,1.06738581167511,
generation,3,ablation_stl,stl_ablation_r03_d07_w0031_31_31_31_31_31_31_31,"[31, 31, 31, 31, 31, 31, 31]",9819,1.0081534459944594,4,14,1.0673542704679222,
generation,4,ablation_stl,stl_ablation_r04_d07_w0031_31_31_31_31_31_31_31,"[31, 31, 31, 31, 31, 31, 31]",9819,1.0082244414417032,2,12,1.0673706358992185,
generation,5,ablation_stl,stl_ablation_r05_d07_w0031_31_31_31_31_31_31_31,"[31, 31, 31, 31, 31, 31, 31]",9819,1.0082084874292592,2,12,1.0673875487841122,
