task,repeat,row_type,phase,architecture,parameter_count,best_val,best_epoch,final_epoch,test_loss,test_acc
simulation,1,ablation_stl,stl_ablation_r01_d10_w0031_31_31_31_31_31_31_31_31_31_31,"[31, 31, 31, 31, 31, 31, 31, 31, 31, 31]",9859,1.1228381395339966,17,27,1.235556960105896,
simulation,2,ablation_stl,stl_ablation_r02_d10_w0031_31_31_31_31_31_31_31_31_31_31,"[31, 31, 31, 31, 31, 31, 31, 31, 31, 31]",9859,1.1229361295700073,6,16,1.235730528831482,
simulation,3,ablation_stl,stl_ablation_r03_d10_w0031_31_31_31_31_31_31_31_31_31_31,"[31, 31, 31, 31, 31, 31, 31, 31, 31, 31]",9859,0.014556460082530975,174,184,0.020569970831274986,
simulation,4,ablation_stl,stl_ablation_r04_d10_w0031_31_31_31_31_31_31_31_31_31_31,"[31, 31, 31, 31, 31, 31, 31, 31, 31, 31]",9859,1.1229695081710815,11,21,1.2357631921768188,
simulation,5,ablation_stl,stl_ablation_r05_d10_w0031_31_31_31_31_31_31_31_31_31_31,"[31, 31, 31, 31, 31, 31, 31, 31, 31, 31]",9859,1.1229671239852905,1,11,1.2357935905456543,
