task,repeat,row_type,phase,architecture,parameter_count,best_val,best_epoch,final_epoch,test_loss,test_acc
prediction,1,ablation_stl,stl_ablation_r01_d06_w0042_42_42_42_42_42_42,"[42, 42, 42, 42, 42, 42]",9955,0.2993285357952118,227,237,0.2917560040950775,
prediction,2,ablation_stl,stl_ablation_r02_d06_w0042_42_42_42_42_42_42,"[42, 42, 42, 42, 42, 42]",9955,0.28543710708618164,246,256,0.27822592854499817,
prediction,3,ablation_stl,stl_ablation_r03_d06_w0042_42_42_42_42_42_42,"[42, 42, 42, 42, 42, 42]",9955,0.2944135367870331,173,183,0.29099130630493164,
prediction,4,ablation_stl,stl_ablation_r04_d06_w0042_42_42_42_42_42_42,"[42, 42, 42, 42, 42, 42]",9955,0.27182918787002563,251,261,0.2718576192855835,
prediction,5,ablation_stl,stl_ablation_r05_d06_w0042_42_42_42_42_42_42,"[42, 42, 42, 42, 42, 42]",9955,0.3027889132499695,145,155,0.2854161262512207,
