task,repeat,row_type,phase,architecture,parameter_count,best_val,best_epoch,final_epoch,test_loss,test_acc
anomaly,1,ablation_stl,stl_ablation_r01_d08_w0064_64_64_64_64_64_64_64_64,"[64, 64, 64, 64, 64, 64, 64, 64]",37174,0.0050590501631220764,109,119,0.33556067846088766,
anomaly,2,ablation_stl,stl_ablation_r02_d08_w0064_64_64_64_64_64_64_64_64,"[64, 64, 64, 64, 64, 64, 64, 64]",37174,0.004159601235691451,115,125,0.3444175496262709,
anomaly,3,ablation_stl,stl_ablation_r03_d08_w0064_64_64_64_64_64_64_64_64,"[64, 64, 64, 64, 64, 64, 64, 64]",37174,0.003688913463761209,119,129,0.33359765666198204,
anomaly,4,ablation_stl,stl_ablation_r04_d08_w0064_64_64_64_64_64_64_64_64,"[64, 64, 64, 64, 64, 64, 64, 64]",37174,0.0044803047918260805,120,130,0.3455182031984204,
anomaly,5,ablation_stl,stl_ablation_r05_d08_w0064_64_64_64_64_64_64_64_64,"[64, 64, 64, 64, 64, 64, 64, 64]",37174,0.004930043578786026,115,125,0.365623941758418,
