{
  "architecture": [
    1402,
    1402,
    1402,
    1402,
    1402,
    1402
  ],
  "batch_index": 125,
  "batch_size": 1060,
  "batches_per_epoch": 160,
  "best_epoch": 9,
  "best_val": 0.009656969863216352,
  "candidate_dir": "MLPS\\tabular\\shared\\dae_dnn\\results\\stl\\ablation\\parammatched_decade_v1_param_10pow07_08_fresh_v1\\anomaly\\_children\\stl_ablation_r01_d06_w1402_1402_1402_1402_1402_1402_1402\\anomaly\\stl_ablation_r02_d06_w1402_1402_1402_1402_1402_1402_1402\\cand_000_d6_w1402",
  "checkpoint_best": "MLPS\\tabular\\shared\\dae_dnn\\results\\stl\\ablation\\parammatched_decade_v1_param_10pow07_08_fresh_v1\\anomaly\\_children\\stl_ablation_r01_d06_w1402_1402_1402_1402_1402_1402_1402\\anomaly\\stl_ablation_r02_d06_w1402_1402_1402_1402_1402_1402_1402\\cand_000_d6_w1402\\checkpoint_best.pt",
  "checkpoint_last": "MLPS\\tabular\\shared\\dae_dnn\\results\\stl\\ablation\\parammatched_decade_v1_param_10pow07_08_fresh_v1\\anomaly\\_children\\stl_ablation_r01_d06_w1402_1402_1402_1402_1402_1402_1402\\anomaly\\stl_ablation_r02_d06_w1402_1402_1402_1402_1402_1402_1402\\cand_000_d6_w1402\\checkpoint_last.pt",
  "completed": false,
  "epoch": 10,
  "epoch_complete": false,
  "epoch_seed": 10,
  "es_counter": 0,
  "final_epoch": 10,
  "phase": "stl_ablation_r02_d06_w1402_1402_1402_1402_1402_1402_1402",
  "reconstruct": false,
  "running_train_batches": 125,
  "running_train_correct": 0.0,
  "running_train_loss": 601.7696374718798,
  "running_train_samples": 132500,
  "task": "anomaly"
}