{
  "architecture": [
    1402,
    1402,
    1402,
    1402,
    1402,
    1402
  ],
  "batch_index": 1,
  "batch_size": 2120,
  "batches_per_epoch": 80,
  "best_epoch": 3,
  "best_val": 0.013456568396693395,
  "candidate_dir": "MLPS\\tabular\\shared\\dae_dnn\\results\\stl\\ablation\\parammatched_decade_v1_param_10pow07_08_fresh_v1\\anomaly\\_children\\stl_ablation_r01_d06_w1402_1402_1402_1402_1402_1402_1402\\anomaly\\stl_ablation_r02_d06_w1402_1402_1402_1402_1402_1402_1402\\cand_000_d6_w1402",
  "checkpoint_best": "MLPS\\tabular\\shared\\dae_dnn\\results\\stl\\ablation\\parammatched_decade_v1_param_10pow07_08_fresh_v1\\anomaly\\_children\\stl_ablation_r01_d06_w1402_1402_1402_1402_1402_1402_1402\\anomaly\\stl_ablation_r02_d06_w1402_1402_1402_1402_1402_1402_1402\\cand_000_d6_w1402\\checkpoint_best.pt",
  "checkpoint_last": "MLPS\\tabular\\shared\\dae_dnn\\results\\stl\\ablation\\parammatched_decade_v1_param_10pow07_08_fresh_v1\\anomaly\\_children\\stl_ablation_r01_d06_w1402_1402_1402_1402_1402_1402_1402\\anomaly\\stl_ablation_r02_d06_w1402_1402_1402_1402_1402_1402_1402\\cand_000_d6_w1402\\checkpoint_last.pt",
  "completed": false,
  "epoch": 5,
  "epoch_complete": false,
  "epoch_seed": 5,
  "es_counter": 1,
  "final_epoch": 5,
  "phase": "stl_ablation_r02_d06_w1402_1402_1402_1402_1402_1402_1402",
  "reconstruct": false,
  "running_train_batches": 1,
  "running_train_correct": 0.0,
  "running_train_loss": 140.91484606266022,
  "running_train_samples": 2120,
  "task": "anomaly"
}