task,repeat,row_type,phase,architecture,parameter_count,best_val,best_epoch,final_epoch,test_loss,test_acc
anomaly,1,ablation_stl,stl_ablation_r01_d08_w0160_160_160_160_160_160_160_160_160,"[160, 160, 160, 160, 160, 160, 160, 160]",200374,0.0016344748532491453,55,65,0.29155362934134194,
anomaly,2,ablation_stl,stl_ablation_r02_d08_w0160_160_160_160_160_160_160_160_160,"[160, 160, 160, 160, 160, 160, 160, 160]",200374,0.0017761328465358624,55,65,0.30939521455207564,
anomaly,3,ablation_stl,stl_ablation_r03_d08_w0160_160_160_160_160_160_160_160_160,"[160, 160, 160, 160, 160, 160, 160, 160]",200374,0.0011753642763725895,81,91,0.2908261572411149,
anomaly,4,ablation_stl,stl_ablation_r04_d08_w0160_160_160_160_160_160_160_160_160,"[160, 160, 160, 160, 160, 160, 160, 160]",200374,0.0019405022859404321,54,64,0.3009285517238885,
anomaly,5,ablation_stl,stl_ablation_r05_d08_w0160_160_160_160_160_160_160_160_160,"[160, 160, 160, 160, 160, 160, 160, 160]",200374,0.0012917062044471197,75,85,0.30015459400117195,
