task,repeat,row_type,phase,architecture,parameter_count,best_val,best_epoch,final_epoch,test_loss,test_acc
prediction,5,ablation_stl,stl_ablation_r05_d09_w1116_1116_1116_1116_1116_1116_1116_1116_1116_1116,"[1116, 1116, 1116, 1116, 1116, 1116, 1116, 1116, 1116]",10003825,0.2819148004055023,29,39,0.3139200210571289,
