{
  "architecture": [
    224,
    224,
    224,
    224,
    224,
    224,
    224,
    224,
    224,
    224
  ],
  "best_epoch": 60,
  "best_val": 0.005192485637962818,
  "candidate_dir": "MLPS/tabular/shared/dae_dnn/results/stl/small_grid/simulation/stl_ablation/d10/w224/cand_000",
  "depth": 10,
  "final_epoch": 70,
  "params": 460321,
  "phase": "stl_ablation_d10_w224_224_224_224_224_224_224_224_224_224_224",
  "resumed": false,
  "test_metrics": {
    "test_loss": 0.03964194282889366
  },
  "width": 224
}