{
  "architecture": [
    128,
    128,
    128,
    128,
    128,
    128,
    128,
    128,
    128,
    128
  ],
  "batch_index": 0,
  "batch_size": 169386,
  "batches_per_epoch": 1,
  "best_epoch": 96,
  "best_val": 0.6905512809753418,
  "candidate_dir": "MLPS/tabular/shared/dae_dnn/results/recovery/missing_width_stl_v1/small_grid_anomaly/_children/stl_ablation_r01_d10_w0128_128_128_128_128_128_128_128_128_128_128/anomaly/stl_ablation_r01_d10_w0128_128_128_128_128_128_128_128_128_128_128/cand_000_d10_w128",
  "checkpoint_best": "MLPS/tabular/shared/dae_dnn/results/recovery/missing_width_stl_v1/small_grid_anomaly/_children/stl_ablation_r01_d10_w0128_128_128_128_128_128_128_128_128_128_128/anomaly/stl_ablation_r01_d10_w0128_128_128_128_128_128_128_128_128_128_128/cand_000_d10_w128/checkpoint_best.pt",
  "checkpoint_last": "MLPS/tabular/shared/dae_dnn/results/recovery/missing_width_stl_v1/small_grid_anomaly/_children/stl_ablation_r01_d10_w0128_128_128_128_128_128_128_128_128_128_128/anomaly/stl_ablation_r01_d10_w0128_128_128_128_128_128_128_128_128_128_128/cand_000_d10_w128/checkpoint_last.pt",
  "completed": false,
  "epoch": 96,
  "epoch_complete": true,
  "epoch_seed": 96,
  "es_counter": 0,
  "final_epoch": 96,
  "phase": "stl_ablation_r01_d10_w0128_128_128_128_128_128_128_128_128_128_128",
  "reconstruct": false,
  "running_train_batches": 1,
  "running_train_correct": 0.0,
  "running_train_loss": 113061.32167768478,
  "running_train_samples": 169386,
  "task": "anomaly"
}