task,family,phase,architecture,params,best_val,test_loss,test_acc,knn_acc,cluster_nmi
representation,ADP,ae_width_only,"[81, 81, 81, 81, 81, 80, 80, 80, 80]",59040,0.084252640832077,,,,
representation,STL_paired,stl_from_ae_width_only,"[81, 81, 81, 81, 81, 80, 80, 80, 80]",59040,0.16729290629036034,0.1695281153285781,0.9322386878022754,0.9549921688094869,0.5560128228878896
