task,repeat,row_type,phase,architecture,parameter_count,best_val,best_epoch,final_epoch,test_loss,test_acc
prediction,4,ablation_stl,stl_ablation_r04_d10_w1052_1052_1052_1052_1052_1052_1052_1052_1052_1052_1052,"[1052, 1052, 1052, 1052, 1052, 1052, 1052, 1052, 1052, 1052]",10001365,0.2879674732685089,16,26,0.27409327030181885,
prediction,5,ablation_stl,stl_ablation_r05_d10_w1052_1052_1052_1052_1052_1052_1052_1052_1052_1052_1052,"[1052, 1052, 1052, 1052, 1052, 1052, 1052, 1052, 1052, 1052]",10001365,0.2869188189506531,21,31,0.28224557638168335,
