{
  "architecture": [
    1402,
    1402,
    1402,
    1402,
    1402,
    1402
  ],
  "batch_index": 67,
  "batch_size": 582,
  "batches_per_epoch": 799,
  "best_epoch": 2,
  "best_val": 1.0081414820647248,
  "candidate_dir": "MLPS\\tabular\\shared\\dae_dnn\\results\\stl\\ablation\\parammatched_decade_v1_param_10pow07_08_fresh_v1\\generation\\_children\\stl_ablation_r01_d06_w1402_1402_1402_1402_1402_1402_1402\\generation\\stl_ablation_r01_d06_w1402_1402_1402_1402_1402_1402_1402\\cand_000_d6_w1402",
  "checkpoint_best": "MLPS\\tabular\\shared\\dae_dnn\\results\\stl\\ablation\\parammatched_decade_v1_param_10pow07_08_fresh_v1\\generation\\_children\\stl_ablation_r01_d06_w1402_1402_1402_1402_1402_1402_1402\\generation\\stl_ablation_r01_d06_w1402_1402_1402_1402_1402_1402_1402\\cand_000_d6_w1402\\checkpoint_best.pt",
  "checkpoint_last": "MLPS\\tabular\\shared\\dae_dnn\\results\\stl\\ablation\\parammatched_decade_v1_param_10pow07_08_fresh_v1\\generation\\_children\\stl_ablation_r01_d06_w1402_1402_1402_1402_1402_1402_1402\\generation\\stl_ablation_r01_d06_w1402_1402_1402_1402_1402_1402_1402\\cand_000_d6_w1402\\checkpoint_last.pt",
  "completed": false,
  "epoch": 6,
  "epoch_complete": false,
  "epoch_seed": 6,
  "es_counter": 3,
  "final_epoch": 6,
  "phase": "stl_ablation_r01_d06_w1402_1402_1402_1402_1402_1402_1402",
  "reconstruct": false,
  "running_train_batches": 67,
  "running_train_correct": 0.0,
  "running_train_loss": 38679.05133962631,
  "running_train_samples": 38994,
  "task": "generation"
}