{
  "architecture": [
    1189,
    1189,
    1189,
    1189,
    1189,
    1189,
    1189,
    1189
  ],
  "batch_index": 39,
  "batch_size": 9312,
  "batches_per_epoch": 50,
  "best_epoch": 46,
  "best_val": 0.10313574940915654,
  "candidate_dir": "MLPS/tabular/shared/dae_dnn/results/stl/ablation/parammatched_decade_v1_param_10pow07_08/classification/_children/stl_ablation_r01_d08_w1189_1189_1189_1189_1189_1189_1189_1189_1189/classification/stl_ablation_r05_d08_w1189_1189_1189_1189_1189_1189_1189_1189_1189/cand_000_d8_w1189",
  "checkpoint_best": "MLPS/tabular/shared/dae_dnn/results/stl/ablation/parammatched_decade_v1_param_10pow07_08/classification/_children/stl_ablation_r01_d08_w1189_1189_1189_1189_1189_1189_1189_1189_1189/classification/stl_ablation_r05_d08_w1189_1189_1189_1189_1189_1189_1189_1189_1189/cand_000_d8_w1189/checkpoint_best.pt",
  "checkpoint_last": "MLPS/tabular/shared/dae_dnn/results/stl/ablation/parammatched_decade_v1_param_10pow07_08/classification/_children/stl_ablation_r01_d08_w1189_1189_1189_1189_1189_1189_1189_1189_1189/classification/stl_ablation_r05_d08_w1189_1189_1189_1189_1189_1189_1189_1189_1189/cand_000_d8_w1189/checkpoint_last.pt",
  "completed": false,
  "epoch": 51,
  "epoch_complete": false,
  "epoch_seed": 51,
  "es_counter": 4,
  "final_epoch": 51,
  "phase": "stl_ablation_r05_d08_w1189_1189_1189_1189_1189_1189_1189_1189_1189",
  "reconstruct": false,
  "running_train_batches": 39,
  "running_train_correct": 355078.0,
  "running_train_loss": 19555.736597299576,
  "running_train_samples": 363168,
  "task": "classification"
}