{
  "architecture": [
    1412,
    1412,
    1412,
    1412,
    1412,
    1412
  ],
  "batch_index": 8,
  "batch_size": 1032,
  "batches_per_epoch": 16,
  "best_epoch": 12,
  "best_val": 0.022345648147165775,
  "candidate_dir": "MLPS\\tabular\\shared\\dae_dnn\\results\\stl\\ablation\\parammatched_decade_v1_param_10pow07_08_fresh_v1\\simulation\\_children\\stl_ablation_r01_d06_w1412_1412_1412_1412_1412_1412_1412\\simulation\\stl_ablation_r03_d06_w1412_1412_1412_1412_1412_1412_1412\\cand_000_d6_w1412",
  "checkpoint_best": "MLPS\\tabular\\shared\\dae_dnn\\results\\stl\\ablation\\parammatched_decade_v1_param_10pow07_08_fresh_v1\\simulation\\_children\\stl_ablation_r01_d06_w1412_1412_1412_1412_1412_1412_1412\\simulation\\stl_ablation_r03_d06_w1412_1412_1412_1412_1412_1412_1412\\cand_000_d6_w1412\\checkpoint_best.pt",
  "checkpoint_last": "MLPS\\tabular\\shared\\dae_dnn\\results\\stl\\ablation\\parammatched_decade_v1_param_10pow07_08_fresh_v1\\simulation\\_children\\stl_ablation_r01_d06_w1412_1412_1412_1412_1412_1412_1412\\simulation\\stl_ablation_r03_d06_w1412_1412_1412_1412_1412_1412_1412\\cand_000_d6_w1412\\checkpoint_last.pt",
  "completed": false,
  "epoch": 13,
  "epoch_complete": false,
  "epoch_seed": 13,
  "es_counter": 0,
  "final_epoch": 13,
  "phase": "stl_ablation_r03_d06_w1412_1412_1412_1412_1412_1412_1412",
  "reconstruct": false,
  "running_train_batches": 8,
  "running_train_correct": 0.0,
  "running_train_loss": 104.42407338693738,
  "running_train_samples": 8256,
  "task": "simulation"
}