task,repeat,row_type,phase,architecture,parameter_count,best_val,best_epoch,final_epoch,test_loss,test_acc
generation,1,ablation_stl,stl_ablation_r01_d10_w0026_26_26_26_26_26_26_26_26_26_26,"[26, 26, 26, 26, 26, 26, 26, 26, 26, 26]",9726,1.008177274153796,2,12,1.0673747351611904,
generation,2,ablation_stl,stl_ablation_r02_d10_w0026_26_26_26_26_26_26_26_26_26_26,"[26, 26, 26, 26, 26, 26, 26, 26, 26, 26]",9726,1.008188604169806,2,12,1.067346687518049,
generation,3,ablation_stl,stl_ablation_r03_d10_w0026_26_26_26_26_26_26_26_26_26_26,"[26, 26, 26, 26, 26, 26, 26, 26, 26, 26]",9726,1.0081971675079067,2,12,1.0673696852194454,
generation,4,ablation_stl,stl_ablation_r04_d10_w0026_26_26_26_26_26_26_26_26_26_26,"[26, 26, 26, 26, 26, 26, 26, 26, 26, 26]",9726,1.0081786121298828,2,12,1.0673573686660842,
generation,5,ablation_stl,stl_ablation_r05_d10_w0026_26_26_26_26_26_26_26_26_26_26,"[26, 26, 26, 26, 26, 26, 26, 26, 26, 26]",9726,1.0081819801200813,2,12,1.0673717998378678,
