task,repeat,row_type,phase,architecture,parameter_count,best_val,best_epoch,final_epoch,test_loss,test_acc
prediction,2,ablation_stl,stl_ablation_r02_d04_w0054_54_54_54_54,"[54, 54, 54, 54]",9883,0.3500259518623352,69,79,0.3462694585323334,
prediction,3,ablation_stl,stl_ablation_r03_d04_w0054_54_54_54_54,"[54, 54, 54, 54]",9883,0.2862926721572876,224,234,0.28380632400512695,
prediction,4,ablation_stl,stl_ablation_r04_d04_w0054_54_54_54_54,"[54, 54, 54, 54]",9883,0.28734394907951355,223,233,0.27953213453292847,
prediction,5,ablation_stl,stl_ablation_r05_d04_w0054_54_54_54_54,"[54, 54, 54, 54]",9883,0.28307241201400757,285,295,0.272780179977417,
