{
  "architecture": [
    224,
    224,
    224,
    224,
    224,
    224,
    224,
    224
  ],
  "batch_index": 2,
  "batch_size": 8480,
  "batches_per_epoch": 20,
  "best_epoch": 34,
  "best_val": 0.0015430922319682582,
  "candidate_dir": "MLPS/tabular/shared/dae_dnn/results/recovery/missing_width_stl_v1/small_grid_anomaly/_children/stl_ablation_r01_d08_w0224_224_224_224_224_224_224_224_224/anomaly/stl_ablation_r04_d08_w0224_224_224_224_224_224_224_224_224/cand_000_d8_w224",
  "checkpoint_best": "MLPS/tabular/shared/dae_dnn/results/recovery/missing_width_stl_v1/small_grid_anomaly/_children/stl_ablation_r01_d08_w0224_224_224_224_224_224_224_224_224/anomaly/stl_ablation_r04_d08_w0224_224_224_224_224_224_224_224_224/cand_000_d8_w224/checkpoint_best.pt",
  "checkpoint_last": "MLPS/tabular/shared/dae_dnn/results/recovery/missing_width_stl_v1/small_grid_anomaly/_children/stl_ablation_r01_d08_w0224_224_224_224_224_224_224_224_224/anomaly/stl_ablation_r04_d08_w0224_224_224_224_224_224_224_224_224/cand_000_d8_w224/checkpoint_last.pt",
  "completed": false,
  "epoch": 36,
  "epoch_complete": false,
  "epoch_seed": 36,
  "es_counter": 1,
  "final_epoch": 36,
  "phase": "stl_ablation_r04_d08_w0224_224_224_224_224_224_224_224_224",
  "reconstruct": false,
  "running_train_batches": 2,
  "running_train_correct": 0.0,
  "running_train_loss": 37.529315520077944,
  "running_train_samples": 16960,
  "task": "anomaly"
}