task,repeat,row_type,phase,architecture,parameter_count,best_val,best_epoch,final_epoch,test_loss,test_acc
prediction,1,ablation_stl,stl_ablation_r01_d06_w0042_42_42_42_42_42_42,"[42, 42, 42, 42, 42, 42]",9955,0.30499330163002014,192,202,0.29708513617515564,
prediction,2,ablation_stl,stl_ablation_r02_d06_w0042_42_42_42_42_42_42,"[42, 42, 42, 42, 42, 42]",9955,0.2899252772331238,192,202,0.2812880873680115,
prediction,3,ablation_stl,stl_ablation_r03_d06_w0042_42_42_42_42_42_42,"[42, 42, 42, 42, 42, 42]",9955,0.30301767587661743,155,165,0.29181423783302307,
prediction,4,ablation_stl,stl_ablation_r04_d06_w0042_42_42_42_42_42_42,"[42, 42, 42, 42, 42, 42]",9955,0.29409682750701904,183,193,0.2878287136554718,
prediction,5,ablation_stl,stl_ablation_r05_d06_w0042_42_42_42_42_42_42,"[42, 42, 42, 42, 42, 42]",9955,0.2838115990161896,246,256,0.299087256193161,
