task,repeat,row_type,phase,architecture,parameter_count,best_val,best_epoch,final_epoch,test_loss,test_acc
prediction,1,ablation_stl,stl_ablation_r01_d06_w0042_42_42_42_42_42_42,"[42, 42, 42, 42, 42, 42]",9955,0.29754331707954407,247,257,0.28434354066848755,
prediction,2,ablation_stl,stl_ablation_r02_d06_w0042_42_42_42_42_42_42,"[42, 42, 42, 42, 42, 42]",9955,0.2777172327041626,232,242,0.273846298456192,
prediction,3,ablation_stl,stl_ablation_r03_d06_w0042_42_42_42_42_42_42,"[42, 42, 42, 42, 42, 42]",9955,0.2888847291469574,214,224,0.2784133553504944,
prediction,4,ablation_stl,stl_ablation_r04_d06_w0042_42_42_42_42_42_42,"[42, 42, 42, 42, 42, 42]",9955,0.28142690658569336,231,241,0.27453750371932983,
prediction,5,ablation_stl,stl_ablation_r05_d06_w0042_42_42_42_42_42_42,"[42, 42, 42, 42, 42, 42]",9955,0.2870747745037079,195,205,0.2749943435192108,
