task,family,phase,architecture,params,best_val,test_loss,test_acc,knn_acc,cluster_nmi
representation,ADP,ae_width_only,"[101, 101, 101, 101, 100, 100]",58676,0.08621157226454311,,,,
representation,STL_paired,stl_from_ae_width_only,"[101, 101, 101, 101, 100, 100]",58676,0.1850473254416884,0.18570754529497274,0.9285382351422523,0.9510851792568115,0.48949235129457375
