task,family,phase,architecture,params,best_val,test_loss,test_acc,knn_acc,cluster_nmi
representation,ADP,ae_width_only,"[105, 105, 105, 105, 105, 105]",63427,0.0878763967233977,,,,
representation,STL_paired,stl_from_ae_width_only,"[105, 105, 105, 105, 105, 105]",63427,0.16020771858998947,0.15887048647631707,0.9391404622984114,0.9534259307068725,0.4985227056684225
