task,repeat,row_type,phase,architecture,parameter_count,best_val,best_epoch,final_epoch,test_loss,test_acc
anomaly,1,ablation_stl,stl_ablation_r01_d08_w0096_96_96_96_96_96_96_96_96,"[96, 96, 96, 96, 96, 96, 96, 96]",77238,0.004570706214721965,47,57,0.3197593039359774,
anomaly,2,ablation_stl,stl_ablation_r02_d08_w0096_96_96_96_96_96_96_96_96,"[96, 96, 96, 96, 96, 96, 96, 96]",77238,0.0022617412113779506,92,102,0.3079043224645509,
anomaly,3,ablation_stl,stl_ablation_r03_d08_w0096_96_96_96_96_96_96_96_96,"[96, 96, 96, 96, 96, 96, 96, 96]",77238,0.0035992287689956223,52,62,0.3147781533258605,
anomaly,4,ablation_stl,stl_ablation_r04_d08_w0096_96_96_96_96_96_96_96_96,"[96, 96, 96, 96, 96, 96, 96, 96]",77238,0.0042933492572112845,45,55,0.32511318416186624,
anomaly,5,ablation_stl,stl_ablation_r05_d08_w0096_96_96_96_96_96_96_96_96,"[96, 96, 96, 96, 96, 96, 96, 96]",77238,0.002690125138974805,66,76,0.29546887489544404,
