task,repeat,row_type,phase,architecture,parameter_count,best_val,best_epoch,final_epoch,test_loss,test_acc
prediction,1,ablation_stl,stl_ablation_r01_d02_w0093_93_93,"[93, 93]",10045,0.29561519622802734,247,257,0.2899447977542877,
prediction,2,ablation_stl,stl_ablation_r02_d02_w0093_93_93,"[93, 93]",10045,0.2806963324546814,318,328,0.27366065979003906,
prediction,3,ablation_stl,stl_ablation_r03_d02_w0093_93_93,"[93, 93]",10045,0.2854549288749695,298,308,0.2833676040172577,
prediction,4,ablation_stl,stl_ablation_r04_d02_w0093_93_93,"[93, 93]",10045,0.2914491891860962,247,257,0.2868070900440216,
prediction,5,ablation_stl,stl_ablation_r05_d02_w0093_93_93,"[93, 93]",10045,0.2881237864494324,295,305,0.2814525365829468,
