task,repeat,row_type,phase,architecture,parameter_count,best_val,best_epoch,final_epoch,test_loss,test_acc
anomaly,1,ablation_stl,stl_ablation_r01_d10_w0128_128_128_128_128_128_128_128_128_128_128,"[128, 128, 128, 128, 128, 128, 128, 128, 128, 128]",165174,0.0024146583988856876,66,76,0.30015265012942144,
anomaly,2,ablation_stl,stl_ablation_r02_d10_w0128_128_128_128_128_128_128_128_128_128_128,"[128, 128, 128, 128, 128, 128, 128, 128, 128, 128]",165174,0.002029034376442348,83,93,0.3059874867043553,
anomaly,3,ablation_stl,stl_ablation_r03_d10_w0128_128_128_128_128_128_128_128_128_128_128,"[128, 128, 128, 128, 128, 128, 128, 128, 128, 128]",165174,0.002254409024833162,75,85,0.31649861100907417,
anomaly,4,ablation_stl,stl_ablation_r04_d10_w0128_128_128_128_128_128_128_128_128_128_128,"[128, 128, 128, 128, 128, 128, 128, 128, 128, 128]",165174,0.0026101917126155243,70,80,0.3076749598366884,
anomaly,5,ablation_stl,stl_ablation_r05_d10_w0128_128_128_128_128_128_128_128_128_128_128,"[128, 128, 128, 128, 128, 128, 128, 128, 128, 128]",165174,0.0021482128356765666,80,90,0.2959922966716821,
