{
  "architecture": [
    1110,
    1110,
    1110,
    1110,
    1110,
    1110,
    1110,
    1110,
    1110
  ],
  "batch_index": 107,
  "batch_size": 1060,
  "batches_per_epoch": 160,
  "best_epoch": 10,
  "best_val": 0.016215023687762634,
  "candidate_dir": "MLPS\\tabular\\shared\\dae_dnn\\results\\stl\\ablation\\parammatched_decade_v1_param_10pow07_08_fresh_v1\\anomaly\\_children\\stl_ablation_r01_d09_w1110_1110_1110_1110_1110_1110_1110_1110_1110_1110\\anomaly\\stl_ablation_r01_d09_w1110_1110_1110_1110_1110_1110_1110_1110_1110_1110\\cand_000_d9_w1110",
  "checkpoint_best": "MLPS\\tabular\\shared\\dae_dnn\\results\\stl\\ablation\\parammatched_decade_v1_param_10pow07_08_fresh_v1\\anomaly\\_children\\stl_ablation_r01_d09_w1110_1110_1110_1110_1110_1110_1110_1110_1110_1110\\anomaly\\stl_ablation_r01_d09_w1110_1110_1110_1110_1110_1110_1110_1110_1110_1110\\cand_000_d9_w1110\\checkpoint_best.pt",
  "checkpoint_last": "MLPS\\tabular\\shared\\dae_dnn\\results\\stl\\ablation\\parammatched_decade_v1_param_10pow07_08_fresh_v1\\anomaly\\_children\\stl_ablation_r01_d09_w1110_1110_1110_1110_1110_1110_1110_1110_1110_1110\\anomaly\\stl_ablation_r01_d09_w1110_1110_1110_1110_1110_1110_1110_1110_1110_1110\\cand_000_d9_w1110\\checkpoint_last.pt",
  "completed": false,
  "epoch": 11,
  "epoch_complete": false,
  "epoch_seed": 11,
  "es_counter": 0,
  "final_epoch": 11,
  "phase": "stl_ablation_r01_d09_w1110_1110_1110_1110_1110_1110_1110_1110_1110_1110",
  "reconstruct": false,
  "running_train_batches": 107,
  "running_train_correct": 0.0,
  "running_train_loss": 2304.0322967083193,
  "running_train_samples": 113420,
  "task": "anomaly"
}