{
  "architecture": [
    1110,
    1110,
    1110,
    1110,
    1110,
    1110,
    1110,
    1110,
    1110
  ],
  "batch_index": 50,
  "batch_size": 2120,
  "batches_per_epoch": 80,
  "best_epoch": 7,
  "best_val": 0.016622817056370826,
  "candidate_dir": "MLPS\\tabular\\shared\\dae_dnn\\results\\stl\\ablation\\parammatched_decade_v1_param_10pow07_08_fresh_v1\\anomaly\\_children\\stl_ablation_r01_d09_w1110_1110_1110_1110_1110_1110_1110_1110_1110_1110\\anomaly\\stl_ablation_r01_d09_w1110_1110_1110_1110_1110_1110_1110_1110_1110_1110\\cand_000_d9_w1110",
  "checkpoint_best": "MLPS\\tabular\\shared\\dae_dnn\\results\\stl\\ablation\\parammatched_decade_v1_param_10pow07_08_fresh_v1\\anomaly\\_children\\stl_ablation_r01_d09_w1110_1110_1110_1110_1110_1110_1110_1110_1110_1110\\anomaly\\stl_ablation_r01_d09_w1110_1110_1110_1110_1110_1110_1110_1110_1110_1110\\cand_000_d9_w1110\\checkpoint_best.pt",
  "checkpoint_last": "MLPS\\tabular\\shared\\dae_dnn\\results\\stl\\ablation\\parammatched_decade_v1_param_10pow07_08_fresh_v1\\anomaly\\_children\\stl_ablation_r01_d09_w1110_1110_1110_1110_1110_1110_1110_1110_1110_1110\\anomaly\\stl_ablation_r01_d09_w1110_1110_1110_1110_1110_1110_1110_1110_1110_1110\\cand_000_d9_w1110\\checkpoint_last.pt",
  "completed": false,
  "epoch": 8,
  "epoch_complete": false,
  "epoch_seed": 8,
  "es_counter": 0,
  "final_epoch": 8,
  "phase": "stl_ablation_r01_d09_w1110_1110_1110_1110_1110_1110_1110_1110_1110_1110",
  "reconstruct": false,
  "running_train_batches": 50,
  "running_train_correct": 0.0,
  "running_train_loss": 965.0503012118861,
  "running_train_samples": 106000,
  "task": "anomaly"
}