{
  "architecture": [
    128,
    128,
    128,
    128,
    128,
    128,
    128,
    128,
    128,
    128
  ],
  "best_epoch": 97,
  "best_val": 0.011438040062785149,
  "candidate_dir": "MLPS/tabular/shared/dae_dnn/results/stl/small_grid/simulation_prediction_v1/simulation/stl_ablation/d10/w128/cand_000",
  "depth": 10,
  "final_epoch": 107,
  "params": 152449,
  "phase": "stl_ablation_d10_w128_128_128_128_128_128_128_128_128_128_128",
  "resumed": false,
  "test_metrics": {
    "test_loss": 0.014078049920499325
  },
  "width": 128
}