neurons,best_acc,best_val,depth_at_best,global_epoch_at_best,widths_at_best,__k_estimated_from__,__alpha__
30,0.4987111111111111,1.3875024444444444,2,311.77777777777777,"[10, 10]",shape-aware_interpolation_between_k1_and_k10,0.2222222222222222
60,0.6009111111111112,1.1298422222222222,2,565.5555555555555,"[20, 20]",shape-aware_interpolation_between_k1_and_k10,0.2222222222222222
90,0.6471777777777779,0.995009111111111,2,980.7777777777778,"[30, 30]",shape-aware_interpolation_between_k1_and_k10,0.2222222222222222
240,0.7956666666666667,0.5954884444444445,4,2325.111111111111,"[55, 55, 55, 55]",shape-aware_interpolation_between_k1_and_k10,0.2222222222222222
300,0.8078888888888889,0.573139111111111,4,2640.3333333333335,"[61, 61, 61, 61]",shape-aware_interpolation_between_k1_and_k10,0.2222222222222222
