task,repeat,row_type,phase,architecture,parameter_count,best_val,best_epoch,final_epoch,test_loss,test_acc
simulation,1,ablation_stl,stl_ablation_r01_d09_w0033_33_33_33_33_33_33_33_33_33,"[33, 33, 33, 33, 33, 33, 33, 33, 33]",9901,0.03312500938773155,118,128,0.05243378132581711,
simulation,2,ablation_stl,stl_ablation_r02_d09_w0033_33_33_33_33_33_33_33_33_33,"[33, 33, 33, 33, 33, 33, 33, 33, 33]",9901,0.03151624649763107,102,112,0.06624489277601242,
simulation,3,ablation_stl,stl_ablation_r03_d09_w0033_33_33_33_33_33_33_33_33_33,"[33, 33, 33, 33, 33, 33, 33, 33, 33]",9901,1.1229463815689087,17,27,1.2357966899871826,
simulation,4,ablation_stl,stl_ablation_r04_d09_w0033_33_33_33_33_33_33_33_33_33,"[33, 33, 33, 33, 33, 33, 33, 33, 33]",9901,1.1229749917984009,11,21,1.2358043193817139,
simulation,5,ablation_stl,stl_ablation_r05_d09_w0033_33_33_33_33_33_33_33_33_33,"[33, 33, 33, 33, 33, 33, 33, 33, 33]",9901,1.1229233741760254,20,30,1.2356247901916504,
