task,repeat,row_type,phase,architecture,parameter_count,best_val,best_epoch,final_epoch,test_loss,test_acc
anomaly,1,ablation_stl,stl_ablation_r01_d10_w0064_64_64_64_64_64_64_64_64_64_64,"[64, 64, 64, 64, 64, 64, 64, 64, 64, 64]",45750,0.006233960146298901,138,148,0.3330205606761478,
anomaly,2,ablation_stl,stl_ablation_r02_d10_w0064_64_64_64_64_64_64_64_64_64_64,"[64, 64, 64, 64, 64, 64, 64, 64, 64, 64]",45750,0.00563207188287303,129,139,0.31236662529514725,
anomaly,3,ablation_stl,stl_ablation_r03_d10_w0064_64_64_64_64_64_64_64_64_64_64,"[64, 64, 64, 64, 64, 64, 64, 64, 64, 64]",45750,0.006031741064318661,129,139,0.35511550857786633,
anomaly,4,ablation_stl,stl_ablation_r04_d10_w0064_64_64_64_64_64_64_64_64_64_64,"[64, 64, 64, 64, 64, 64, 64, 64, 64, 64]",45750,0.007784080899241832,103,113,0.3213375217394337,
anomaly,5,ablation_stl,stl_ablation_r05_d10_w0064_64_64_64_64_64_64_64_64_64_64,"[64, 64, 64, 64, 64, 64, 64, 64, 64, 64]",45750,0.01132972677614935,75,85,0.3529823016752891,
