{
  "architecture": [
    224,
    224,
    224,
    224,
    224,
    224,
    224,
    224,
    224,
    224
  ],
  "batch_index": 4,
  "batch_size": 8480,
  "batches_per_epoch": 20,
  "best_epoch": 1,
  "best_val": 0.6241480958306241,
  "candidate_dir": "MLPS/tabular/shared/dae_dnn/results/recovery/missing_width_stl_v1/small_grid_anomaly/_children/stl_ablation_r01_d10_w0224_224_224_224_224_224_224_224_224_224_224/anomaly/stl_ablation_r04_d10_w0224_224_224_224_224_224_224_224_224_224_224/cand_000_d10_w224",
  "checkpoint_best": "MLPS/tabular/shared/dae_dnn/results/recovery/missing_width_stl_v1/small_grid_anomaly/_children/stl_ablation_r01_d10_w0224_224_224_224_224_224_224_224_224_224_224/anomaly/stl_ablation_r04_d10_w0224_224_224_224_224_224_224_224_224_224_224/cand_000_d10_w224/checkpoint_best.pt",
  "checkpoint_last": "MLPS/tabular/shared/dae_dnn/results/recovery/missing_width_stl_v1/small_grid_anomaly/_children/stl_ablation_r01_d10_w0224_224_224_224_224_224_224_224_224_224_224/anomaly/stl_ablation_r04_d10_w0224_224_224_224_224_224_224_224_224_224_224/cand_000_d10_w224/checkpoint_last.pt",
  "completed": false,
  "epoch": 2,
  "epoch_complete": false,
  "epoch_seed": 2,
  "es_counter": 0,
  "final_epoch": 2,
  "phase": "stl_ablation_r04_d10_w0224_224_224_224_224_224_224_224_224_224_224",
  "reconstruct": false,
  "running_train_batches": 4,
  "running_train_correct": 0.0,
  "running_train_loss": 15038.261485099792,
  "running_train_samples": 33920,
  "task": "anomaly"
}