task,repeat,row_type,phase,architecture,parameter_count,best_val,best_epoch,final_epoch,test_loss,test_acc
autoencoding,1,ablation_stl,stl_ablation_r01_d08_w0029_29_29_29_29_29_29_29_29,"[29, 29, 29, 29, 29, 29, 29, 29]",9769,0.3014327019057572,57,67,0.37198582303144234,
autoencoding,2,ablation_stl,stl_ablation_r02_d08_w0029_29_29_29_29_29_29_29_29,"[29, 29, 29, 29, 29, 29, 29, 29]",9769,0.31069307906605376,55,65,0.37473860084348837,
autoencoding,3,ablation_stl,stl_ablation_r03_d08_w0029_29_29_29_29_29_29_29_29,"[29, 29, 29, 29, 29, 29, 29, 29]",9769,0.2978363095045939,62,72,0.3640222175135957,
autoencoding,4,ablation_stl,stl_ablation_r04_d08_w0029_29_29_29_29_29_29_29_29,"[29, 29, 29, 29, 29, 29, 29, 29]",9769,0.30203733641275127,65,75,0.36656990370636183,
autoencoding,5,ablation_stl,stl_ablation_r05_d08_w0029_29_29_29_29_29_29_29_29,"[29, 29, 29, 29, 29, 29, 29, 29]",9769,0.30588909430890887,60,70,0.37043865913942725,
