task,repeat,row_type,phase,architecture,parameter_count,best_val,best_epoch,final_epoch,test_loss,test_acc
anomaly,1,ablation_stl,stl_ablation_r01_d10_w0026_26_26_26_26_26_26_26_26_26_26,"[26, 26, 26, 26, 26, 26, 26, 26, 26, 26]",9726,0.08514389598565689,75,85,0.5978852625648318,
anomaly,2,ablation_stl,stl_ablation_r02_d10_w0026_26_26_26_26_26_26_26_26_26_26,"[26, 26, 26, 26, 26, 26, 26, 26, 26, 26]",9726,0.08637201931418442,93,103,0.6045701277116287,
anomaly,3,ablation_stl,stl_ablation_r03_d10_w0026_26_26_26_26_26_26_26_26_26_26,"[26, 26, 26, 26, 26, 26, 26, 26, 26, 26]",9726,0.09320958449768871,66,76,0.5725119003834953,
anomaly,4,ablation_stl,stl_ablation_r04_d10_w0026_26_26_26_26_26_26_26_26_26_26,"[26, 26, 26, 26, 26, 26, 26, 26, 26, 26]",9726,0.08545339943009618,74,84,0.628726630979794,
anomaly,5,ablation_stl,stl_ablation_r05_d10_w0026_26_26_26_26_26_26_26_26_26_26,"[26, 26, 26, 26, 26, 26, 26, 26, 26, 26]",9726,0.09186044037849202,104,114,0.6004277768228384,
