task,repeat,row_type,phase,architecture,parameter_count,best_val,best_epoch,final_epoch,test_loss,test_acc
prediction,3,ablation_stl,stl_ablation_r03_d07_w1288_1288_1288_1288_1288_1288_1288_1288,"[1288, 1288, 1288, 1288, 1288, 1288, 1288]",9992305,0.31387943029403687,37,47,0.3118450939655304,
prediction,4,ablation_stl,stl_ablation_r04_d07_w1288_1288_1288_1288_1288_1288_1288_1288,"[1288, 1288, 1288, 1288, 1288, 1288, 1288]",9992305,0.3090354800224304,37,47,0.3213931620121002,
prediction,5,ablation_stl,stl_ablation_r05_d07_w1288_1288_1288_1288_1288_1288_1288_1288,"[1288, 1288, 1288, 1288, 1288, 1288, 1288]",9992305,0.27942976355552673,43,53,0.29615622758865356,
