{
  "architecture": [
    192,
    192,
    192,
    192,
    192,
    192,
    192,
    192
  ],
  "best_epoch": 72,
  "best_val": 0.2897893488407135,
  "candidate_dir": "MLPS/tabular/shared/dae_dnn/results/stl/small_grid/simulation_prediction_v1/prediction/stl_ablation/d08/w192/cand_000",
  "depth": 8,
  "final_epoch": 82,
  "params": 264385,
  "phase": "stl_ablation_d08_w192_192_192_192_192_192_192_192_192",
  "resumed": false,
  "test_metrics": {
    "test_loss": 0.28371718525886536
  },
  "width": 192
}