task,repeat,row_type,phase,architecture,parameter_count,best_val,best_epoch,final_epoch,test_loss,test_acc
prediction,1,ablation_stl,stl_ablation_r01_d07_w0038_38_38_38_38_38_38_38,"[38, 38, 38, 38, 38, 38, 38]",9805,0.29881593585014343,263,273,0.2819511890411377,
prediction,2,ablation_stl,stl_ablation_r02_d07_w0038_38_38_38_38_38_38_38,"[38, 38, 38, 38, 38, 38, 38]",9805,0.3059998154640198,163,173,0.29673147201538086,
prediction,3,ablation_stl,stl_ablation_r03_d07_w0038_38_38_38_38_38_38_38,"[38, 38, 38, 38, 38, 38, 38]",9805,0.2925795316696167,157,167,0.2835540175437927,
prediction,4,ablation_stl,stl_ablation_r04_d07_w0038_38_38_38_38_38_38_38,"[38, 38, 38, 38, 38, 38, 38]",9805,0.2904573082923889,190,200,0.2814941704273224,
prediction,5,ablation_stl,stl_ablation_r05_d07_w0038_38_38_38_38_38_38_38,"[38, 38, 38, 38, 38, 38, 38]",9805,0.2891405522823334,197,207,0.2854515314102173,
