task,repeat,row_type,phase,architecture,parameter_count,best_val,best_epoch,final_epoch,test_loss,test_acc
prediction,1,ablation_stl,stl_ablation_r01_d07_w0038_38_38_38_38_38_38_38,"[38, 38, 38, 38, 38, 38, 38]",9805,0.29998543858528137,215,225,0.28470200300216675,
prediction,2,ablation_stl,stl_ablation_r02_d07_w0038_38_38_38_38_38_38_38,"[38, 38, 38, 38, 38, 38, 38]",9805,0.2993518114089966,178,188,0.28766489028930664,
prediction,3,ablation_stl,stl_ablation_r03_d07_w0038_38_38_38_38_38_38_38,"[38, 38, 38, 38, 38, 38, 38]",9805,0.2861882746219635,215,225,0.28246545791625977,
prediction,4,ablation_stl,stl_ablation_r04_d07_w0038_38_38_38_38_38_38_38,"[38, 38, 38, 38, 38, 38, 38]",9805,0.29399457573890686,233,243,0.28875088691711426,
prediction,5,ablation_stl,stl_ablation_r05_d07_w0038_38_38_38_38_38_38_38,"[38, 38, 38, 38, 38, 38, 38]",9805,0.29795530438423157,172,182,0.28380680084228516,
