{
  "architecture": [
    256,
    256,
    256,
    256,
    256,
    256,
    256,
    256
  ],
  "best_epoch": 57,
  "best_val": 0.009923621080815792,
  "candidate_dir": "MLPS/tabular/shared/dae_dnn/results/stl/small_grid/simulation/stl_ablation/d08/w256/cand_000",
  "depth": 8,
  "final_epoch": 67,
  "params": 467201,
  "phase": "stl_ablation_d08_w256_256_256_256_256_256_256_256_256",
  "resumed": false,
  "test_metrics": {
    "test_loss": 0.015143695287406445
  },
  "width": 256
}