{
  "architecture": [
    192,
    192,
    192,
    192,
    192,
    192,
    192,
    192,
    192,
    192
  ],
  "best_epoch": 100,
  "best_val": 0.28391507267951965,
  "candidate_dir": "MLPS/tabular/shared/dae_dnn/results/stl/small_grid/simulation_prediction_v1/prediction/stl_ablation/d10/w192/cand_000",
  "depth": 10,
  "final_epoch": 110,
  "params": 339265,
  "phase": "stl_ablation_d10_w192_192_192_192_192_192_192_192_192_192_192",
  "resumed": false,
  "test_metrics": {
    "test_loss": 0.27732986211776733
  },
  "width": 192
}