task,repeat,row_type,phase,architecture,parameter_count,best_val,best_epoch,final_epoch,test_loss,test_acc
anomaly,1,ablation_stl,stl_ablation_r01_d03_w0047_47_47_47,"[47, 47, 47]",9971,0.0018440062560244625,102,112,0.30052565430180056,
anomaly,2,ablation_stl,stl_ablation_r02_d03_w0047_47_47_47,"[47, 47, 47]",9971,0.0020556515093282145,106,116,0.3019750723623464,
anomaly,3,ablation_stl,stl_ablation_r03_d03_w0047_47_47_47,"[47, 47, 47]",9971,0.0014517341156834044,120,130,0.2822246358526438,
anomaly,4,ablation_stl,stl_ablation_r04_d03_w0047_47_47_47,"[47, 47, 47]",9971,0.001975001721979413,115,125,0.288374464143524,
anomaly,5,ablation_stl,stl_ablation_r05_d03_w0047_47_47_47,"[47, 47, 47]",9971,0.0017174531543765784,106,116,0.29477930644084377,
