task,repeat,row_type,phase,architecture,parameter_count,best_val,best_epoch,final_epoch,test_loss,test_acc
simulation,1,ablation_stl,stl_ablation_r01_d04_w0054_54_54_54_54,"[54, 54, 54, 54]",9883,0.01677345670759678,81,91,0.02342812530696392,
simulation,2,ablation_stl,stl_ablation_r02_d04_w0054_54_54_54_54,"[54, 54, 54, 54]",9883,0.00785981584340334,133,143,0.01349318865686655,
simulation,3,ablation_stl,stl_ablation_r03_d04_w0054_54_54_54_54,"[54, 54, 54, 54]",9883,0.013392276130616665,94,104,0.027729058638215065,
simulation,4,ablation_stl,stl_ablation_r04_d04_w0054_54_54_54_54,"[54, 54, 54, 54]",9883,0.009926899336278439,133,143,0.021634431555867195,
simulation,5,ablation_stl,stl_ablation_r05_d04_w0054_54_54_54_54,"[54, 54, 54, 54]",9883,0.005387077108025551,193,203,0.007072470150887966,
