{
  "architecture": [
    192,
    192,
    192,
    192,
    192,
    192,
    192,
    192,
    192,
    192
  ],
  "best_epoch": 141,
  "best_val": 0.0012870747596025467,
  "candidate_dir": "MLPS/tabular/shared/dae_dnn/results/stl/small_grid/simulation/stl_ablation/d10/w192/cand_000",
  "depth": 10,
  "final_epoch": 151,
  "params": 339265,
  "phase": "stl_ablation_d10_w192_192_192_192_192_192_192_192_192_192_192",
  "resumed": false,
  "test_metrics": {
    "test_loss": 0.0066599189303815365
  },
  "width": 192
}