task,repeat,row_type,phase,architecture,parameter_count,best_val,best_epoch,final_epoch,test_loss,test_acc
anomaly,1,ablation_stl,stl_ablation_r01_d08_w0029_29_29_29_29_29_29_29_29,"[29, 29, 29, 29, 29, 29, 29, 29]",9769,0.055914216035141295,104,114,0.5001794262440471,
anomaly,2,ablation_stl,stl_ablation_r02_d08_w0029_29_29_29_29_29_29_29_29,"[29, 29, 29, 29, 29, 29, 29, 29]",9769,0.07153939897373057,56,66,0.5257636509578353,
anomaly,3,ablation_stl,stl_ablation_r03_d08_w0029_29_29_29_29_29_29_29_29,"[29, 29, 29, 29, 29, 29, 29, 29]",9769,0.06260330853062826,72,82,0.5325371168379558,
anomaly,4,ablation_stl,stl_ablation_r04_d08_w0029_29_29_29_29_29_29_29_29,"[29, 29, 29, 29, 29, 29, 29, 29]",9769,0.06312292371784092,92,102,0.5761572104005427,
anomaly,5,ablation_stl,stl_ablation_r05_d08_w0029_29_29_29_29_29_29_29_29,"[29, 29, 29, 29, 29, 29, 29, 29]",9769,0.06617146990749556,72,82,0.5049399308685518,
