task,repeat,row_type,phase,architecture,parameter_count,best_val,best_epoch,final_epoch,test_loss,test_acc
anomaly,1,ablation_stl,stl_ablation_r01_d08_w0029_29_29_29_29_29_29_29_29,"[29, 29, 29, 29, 29, 29, 29, 29]",9769,0.058232829505096964,96,106,0.5118704293160382,
anomaly,2,ablation_stl,stl_ablation_r02_d08_w0029_29_29_29_29_29_29_29_29,"[29, 29, 29, 29, 29, 29, 29, 29]",9769,0.06024315748923689,77,87,0.47818772921892366,
anomaly,3,ablation_stl,stl_ablation_r03_d08_w0029_29_29_29_29_29_29_29_29,"[29, 29, 29, 29, 29, 29, 29, 29]",9769,0.0680783209361884,76,86,0.4901644039112197,
anomaly,4,ablation_stl,stl_ablation_r04_d08_w0029_29_29_29_29_29_29_29_29,"[29, 29, 29, 29, 29, 29, 29, 29]",9769,0.06033092028061504,125,135,0.5273023631069591,
anomaly,5,ablation_stl,stl_ablation_r05_d08_w0029_29_29_29_29_29_29_29_29,"[29, 29, 29, 29, 29, 29, 29, 29]",9769,0.06629184987639002,83,93,0.5199574903580833,
