{
  "architecture": [
    160,
    160,
    160,
    160,
    160,
    160,
    160,
    160
  ],
  "batch_index": 1,
  "batch_size": 169386,
  "batches_per_epoch": 1,
  "best_epoch": 20,
  "best_val": 0.762736976146698,
  "candidate_dir": "MLPS/tabular/shared/dae_dnn/results/recovery/missing_width_stl_v1/small_grid_anomaly/_children/stl_ablation_r01_d08_w0160_160_160_160_160_160_160_160_160/anomaly/stl_ablation_r01_d08_w0160_160_160_160_160_160_160_160_160/cand_000_d8_w160",
  "checkpoint_best": "MLPS/tabular/shared/dae_dnn/results/recovery/missing_width_stl_v1/small_grid_anomaly/_children/stl_ablation_r01_d08_w0160_160_160_160_160_160_160_160_160/anomaly/stl_ablation_r01_d08_w0160_160_160_160_160_160_160_160_160/cand_000_d8_w160/checkpoint_best.pt",
  "checkpoint_last": "MLPS/tabular/shared/dae_dnn/results/recovery/missing_width_stl_v1/small_grid_anomaly/_children/stl_ablation_r01_d08_w0160_160_160_160_160_160_160_160_160/anomaly/stl_ablation_r01_d08_w0160_160_160_160_160_160_160_160_160/cand_000_d8_w160/checkpoint_last.pt",
  "completed": false,
  "epoch": 21,
  "epoch_complete": false,
  "epoch_seed": 21,
  "es_counter": 0,
  "final_epoch": 21,
  "phase": "stl_ablation_r01_d08_w0160_160_160_160_160_160_160_160_160",
  "reconstruct": false,
  "running_train_batches": 1,
  "running_train_correct": 0.0,
  "running_train_loss": 124830.92763268948,
  "running_train_samples": 169386,
  "task": "anomaly"
}