{
  "architecture": [
    224,
    224,
    224,
    224,
    224,
    224
  ],
  "best_epoch": 87,
  "best_val": 0.0036639205645769835,
  "candidate_dir": "MLPS/tabular/shared/dae_dnn/results/stl/small_grid/simulation/stl_ablation/d06/w224/cand_000",
  "depth": 6,
  "final_epoch": 97,
  "params": 256929,
  "phase": "stl_ablation_d06_w224_224_224_224_224_224_224",
  "resumed": false,
  "test_metrics": {
    "test_loss": 0.055576980113983154
  },
  "width": 224
}