{
  "architecture": [
    1110,
    1110,
    1110,
    1110,
    1110,
    1110,
    1110,
    1110,
    1110
  ],
  "batch_index": 588,
  "batch_size": 582,
  "batches_per_epoch": 799,
  "best_epoch": 1,
  "best_val": 0.9015750601696697,
  "candidate_dir": "MLPS\\tabular\\shared\\dae_dnn\\results\\stl\\ablation\\parammatched_decade_v1_param_10pow07_08_fresh_v1\\autoencoding\\_children\\stl_ablation_r01_d09_w1110_1110_1110_1110_1110_1110_1110_1110_1110_1110\\autoencoding\\stl_ablation_r01_d09_w1110_1110_1110_1110_1110_1110_1110_1110_1110_1110\\cand_000_d9_w1110",
  "checkpoint_best": "MLPS\\tabular\\shared\\dae_dnn\\results\\stl\\ablation\\parammatched_decade_v1_param_10pow07_08_fresh_v1\\autoencoding\\_children\\stl_ablation_r01_d09_w1110_1110_1110_1110_1110_1110_1110_1110_1110_1110\\autoencoding\\stl_ablation_r01_d09_w1110_1110_1110_1110_1110_1110_1110_1110_1110_1110\\cand_000_d9_w1110\\checkpoint_best.pt",
  "checkpoint_last": "MLPS\\tabular\\shared\\dae_dnn\\results\\stl\\ablation\\parammatched_decade_v1_param_10pow07_08_fresh_v1\\autoencoding\\_children\\stl_ablation_r01_d09_w1110_1110_1110_1110_1110_1110_1110_1110_1110_1110\\autoencoding\\stl_ablation_r01_d09_w1110_1110_1110_1110_1110_1110_1110_1110_1110_1110\\cand_000_d9_w1110\\checkpoint_last.pt",
  "completed": false,
  "epoch": 2,
  "epoch_complete": false,
  "epoch_seed": 2,
  "es_counter": 0,
  "final_epoch": 2,
  "phase": "stl_ablation_r01_d09_w1110_1110_1110_1110_1110_1110_1110_1110_1110_1110",
  "reconstruct": false,
  "running_train_batches": 588,
  "running_train_correct": 0.0,
  "running_train_loss": 18530.85268215649,
  "running_train_samples": 342216,
  "task": "autoencoding"
}