{
  "architecture": [
    1280,
    1280,
    1280,
    1280,
    1280,
    1280,
    1280
  ],
  "batch_index": 35,
  "batch_size": 2120,
  "batches_per_epoch": 80,
  "best_epoch": 32,
  "best_val": 0.0004509688579715263,
  "candidate_dir": "MLPS\\tabular\\shared\\dae_dnn\\results\\stl\\ablation\\parammatched_decade_v1_param_10pow07_08_fresh_v1\\anomaly\\_children\\stl_ablation_r01_d07_w1280_1280_1280_1280_1280_1280_1280_1280\\anomaly\\stl_ablation_r02_d07_w1280_1280_1280_1280_1280_1280_1280_1280\\cand_000_d7_w1280",
  "checkpoint_best": "MLPS\\tabular\\shared\\dae_dnn\\results\\stl\\ablation\\parammatched_decade_v1_param_10pow07_08_fresh_v1\\anomaly\\_children\\stl_ablation_r01_d07_w1280_1280_1280_1280_1280_1280_1280_1280\\anomaly\\stl_ablation_r02_d07_w1280_1280_1280_1280_1280_1280_1280_1280\\cand_000_d7_w1280\\checkpoint_best.pt",
  "checkpoint_last": "MLPS\\tabular\\shared\\dae_dnn\\results\\stl\\ablation\\parammatched_decade_v1_param_10pow07_08_fresh_v1\\anomaly\\_children\\stl_ablation_r01_d07_w1280_1280_1280_1280_1280_1280_1280_1280\\anomaly\\stl_ablation_r02_d07_w1280_1280_1280_1280_1280_1280_1280_1280\\cand_000_d7_w1280\\checkpoint_last.pt",
  "completed": false,
  "epoch": 35,
  "epoch_complete": false,
  "epoch_seed": 35,
  "es_counter": 2,
  "final_epoch": 35,
  "phase": "stl_ablation_r02_d07_w1280_1280_1280_1280_1280_1280_1280_1280",
  "reconstruct": false,
  "running_train_batches": 35,
  "running_train_correct": 0.0,
  "running_train_loss": 34.984308514976874,
  "running_train_samples": 74200,
  "task": "anomaly"
}