{
  "architecture": [
    1280,
    1280,
    1280,
    1280,
    1280,
    1280,
    1280
  ],
  "batch_index": 80,
  "batch_size": 1060,
  "batches_per_epoch": 160,
  "best_epoch": 32,
  "best_val": 0.0004509688579715263,
  "candidate_dir": "MLPS\\tabular\\shared\\dae_dnn\\results\\stl\\ablation\\parammatched_decade_v1_param_10pow07_08_fresh_v1\\anomaly\\_children\\stl_ablation_r01_d07_w1280_1280_1280_1280_1280_1280_1280_1280\\anomaly\\stl_ablation_r02_d07_w1280_1280_1280_1280_1280_1280_1280_1280\\cand_000_d7_w1280",
  "checkpoint_best": "MLPS\\tabular\\shared\\dae_dnn\\results\\stl\\ablation\\parammatched_decade_v1_param_10pow07_08_fresh_v1\\anomaly\\_children\\stl_ablation_r01_d07_w1280_1280_1280_1280_1280_1280_1280_1280\\anomaly\\stl_ablation_r02_d07_w1280_1280_1280_1280_1280_1280_1280_1280\\cand_000_d7_w1280\\checkpoint_best.pt",
  "checkpoint_last": "MLPS\\tabular\\shared\\dae_dnn\\results\\stl\\ablation\\parammatched_decade_v1_param_10pow07_08_fresh_v1\\anomaly\\_children\\stl_ablation_r01_d07_w1280_1280_1280_1280_1280_1280_1280_1280\\anomaly\\stl_ablation_r02_d07_w1280_1280_1280_1280_1280_1280_1280_1280\\cand_000_d7_w1280\\checkpoint_last.pt",
  "completed": false,
  "epoch": 40,
  "epoch_complete": false,
  "epoch_seed": 40,
  "es_counter": 7,
  "final_epoch": 40,
  "phase": "stl_ablation_r02_d07_w1280_1280_1280_1280_1280_1280_1280_1280",
  "reconstruct": false,
  "running_train_batches": 80,
  "running_train_correct": 0.0,
  "running_train_loss": 771.373309835908,
  "running_train_samples": 84800,
  "task": "anomaly"
}