task,repeat,row_type,phase,architecture,parameter_count,best_val,best_epoch,final_epoch,test_loss,test_acc
anomaly,1,ablation_stl,stl_ablation_r01_d10_w0160_160_160_160_160_160_160_160_160_160_160,"[160, 160, 160, 160, 160, 160, 160, 160, 160, 160]",252534,0.0032371495029203893,42,52,0.29500263319494324,
anomaly,2,ablation_stl,stl_ablation_r02_d10_w0160_160_160_160_160_160_160_160_160_160_160,"[160, 160, 160, 160, 160, 160, 160, 160, 160, 160]",252534,0.003363271270679459,35,45,0.2955621131202663,
anomaly,3,ablation_stl,stl_ablation_r03_d10_w0160_160_160_160_160_160_160_160_160_160_160,"[160, 160, 160, 160, 160, 160, 160, 160, 160, 160]",252534,0.0021158280694974513,59,69,0.2962445983126634,
anomaly,4,ablation_stl,stl_ablation_r04_d10_w0160_160_160_160_160_160_160_160_160_160_160,"[160, 160, 160, 160, 160, 160, 160, 160, 160, 160]",252534,0.002561647366384764,43,53,0.29815755834176977,
anomaly,5,ablation_stl,stl_ablation_r05_d10_w0160_160_160_160_160_160_160_160_160_160_160,"[160, 160, 160, 160, 160, 160, 160, 160, 160, 160]",252534,0.002546820049483162,49,59,0.28475812711092846,
