task,repeat,row_type,phase,architecture,parameter_count,best_val,best_epoch,final_epoch,test_loss,test_acc
prediction,1,ablation_stl,stl_ablation_r01_d08_w0036_36_36_36_36_36_36_36_36,"[36, 36, 36, 36, 36, 36, 36, 36]",10261,0.27907904982566833,411,421,0.26873114705085754,
prediction,2,ablation_stl,stl_ablation_r02_d08_w0036_36_36_36_36_36_36_36_36,"[36, 36, 36, 36, 36, 36, 36, 36]",10261,0.29445788264274597,166,176,0.28644993901252747,
prediction,3,ablation_stl,stl_ablation_r03_d08_w0036_36_36_36_36_36_36_36_36,"[36, 36, 36, 36, 36, 36, 36, 36]",10261,0.2952245771884918,172,182,0.30152571201324463,
prediction,4,ablation_stl,stl_ablation_r04_d08_w0036_36_36_36_36_36_36_36_36,"[36, 36, 36, 36, 36, 36, 36, 36]",10261,0.28717920184135437,212,222,0.28956323862075806,
prediction,5,ablation_stl,stl_ablation_r05_d08_w0036_36_36_36_36_36_36_36_36,"[36, 36, 36, 36, 36, 36, 36, 36]",10261,0.2929251790046692,195,205,0.29526233673095703,
