task,repeat,row_type,phase,architecture,parameter_count,best_val,best_epoch,final_epoch,test_loss,test_acc
prediction,2,ablation_stl,stl_ablation_r02_d05_w1578_1578_1578_1578_1578_1578,"[1578, 1578, 1578, 1578, 1578]",9998209,0.2652316391468048,87,97,0.2691763937473297,
prediction,3,ablation_stl,stl_ablation_r03_d05_w1578_1578_1578_1578_1578_1578,"[1578, 1578, 1578, 1578, 1578]",9998209,0.27396702766418457,21,31,0.2556609511375427,
prediction,4,ablation_stl,stl_ablation_r04_d05_w1578_1578_1578_1578_1578_1578,"[1578, 1578, 1578, 1578, 1578]",9998209,0.27386876940727234,32,42,0.2727377414703369,
prediction,5,ablation_stl,stl_ablation_r05_d05_w1578_1578_1578_1578_1578_1578,"[1578, 1578, 1578, 1578, 1578]",9998209,0.2782191038131714,28,38,0.28198036551475525,
