{
  "architecture": [
    224,
    224,
    224,
    224,
    224,
    224,
    224,
    224,
    224,
    224
  ],
  "best_epoch": 75,
  "best_val": 0.2852238416671753,
  "candidate_dir": "MLPS/tabular/shared/dae_dnn/results/stl/small_grid/prediction/stl_ablation/d10/w224/cand_000",
  "depth": 10,
  "final_epoch": 85,
  "params": 460321,
  "phase": "stl_ablation_d10_w224_224_224_224_224_224_224_224_224_224_224",
  "resumed": false,
  "test_metrics": {
    "test_loss": 0.27301546931266785
  },
  "width": 224
}