{
  "architecture": [
    192,
    192,
    192,
    192,
    192,
    192
  ],
  "best_epoch": 139,
  "best_val": 0.0015950994566082954,
  "candidate_dir": "MLPS/tabular/shared/dae_dnn/results/stl/small_grid/simulation_prediction_v1/simulation/stl_ablation/d06/w192/cand_000",
  "depth": 6,
  "final_epoch": 149,
  "params": 189505,
  "phase": "stl_ablation_d06_w192_192_192_192_192_192_192",
  "resumed": false,
  "test_metrics": {
    "test_loss": 0.009228290989995003
  },
  "width": 192
}