task,repeat,row_type,phase,architecture,parameter_count,best_val,best_epoch,final_epoch,test_loss,test_acc
prediction,1,ablation_stl,stl_ablation_r01_d04_w0054_54_54_54_54,"[54, 54, 54, 54]",9883,0.2913754880428314,210,220,0.294964075088501,
prediction,2,ablation_stl,stl_ablation_r02_d04_w0054_54_54_54_54,"[54, 54, 54, 54]",9883,0.2907969653606415,209,219,0.28104111552238464,
prediction,3,ablation_stl,stl_ablation_r03_d04_w0054_54_54_54_54,"[54, 54, 54, 54]",9883,0.2910380959510803,178,188,0.29063159227371216,
prediction,4,ablation_stl,stl_ablation_r04_d04_w0054_54_54_54_54,"[54, 54, 54, 54]",9883,0.29283133149147034,209,219,0.29483702778816223,
prediction,5,ablation_stl,stl_ablation_r05_d04_w0054_54_54_54_54,"[54, 54, 54, 54]",9883,0.2884261906147003,211,221,0.2712482810020447,
