task,repeat,row_type,phase,architecture,parameter_count,best_val,best_epoch,final_epoch,test_loss,test_acc
prediction,1,ablation_stl,stl_ablation_r01_d04_w0054_54_54_54_54,"[54, 54, 54, 54]",9883,0.29438021779060364,203,213,0.3019859194755554,
prediction,2,ablation_stl,stl_ablation_r02_d04_w0054_54_54_54_54,"[54, 54, 54, 54]",9883,0.2870714068412781,241,251,0.28040096163749695,
prediction,3,ablation_stl,stl_ablation_r03_d04_w0054_54_54_54_54,"[54, 54, 54, 54]",9883,0.28981560468673706,167,177,0.29011332988739014,
prediction,4,ablation_stl,stl_ablation_r04_d04_w0054_54_54_54_54,"[54, 54, 54, 54]",9883,0.29679030179977417,184,194,0.2868126332759857,
prediction,5,ablation_stl,stl_ablation_r05_d04_w0054_54_54_54_54,"[54, 54, 54, 54]",9883,0.2868725061416626,163,173,0.27967530488967896,
