task,repeat,row_type,phase,architecture,parameter_count,best_val,best_epoch,final_epoch,test_loss,test_acc
anomaly,1,ablation_stl,stl_ablation_r01_d08_w0192_192_192_192_192_192_192_192_192,"[192, 192, 192, 192, 192, 192, 192, 192]",283446,0.0011681476211723657,64,74,0.2868143575843157,
anomaly,2,ablation_stl,stl_ablation_r02_d08_w0192_192_192_192_192_192_192_192_192,"[192, 192, 192, 192, 192, 192, 192, 192]",283446,0.0012855352238914123,59,69,0.2971236845537564,
anomaly,3,ablation_stl,stl_ablation_r03_d08_w0192_192_192_192_192_192_192_192_192,"[192, 192, 192, 192, 192, 192, 192, 192]",283446,0.0017091800891638428,38,48,0.29035345028977966,
anomaly,4,ablation_stl,stl_ablation_r04_d08_w0192_192_192_192_192_192_192_192_192,"[192, 192, 192, 192, 192, 192, 192, 192]",283446,0.001799780378681811,41,51,0.28577855931945145,
anomaly,5,ablation_stl,stl_ablation_r05_d08_w0192_192_192_192_192_192_192_192_192,"[192, 192, 192, 192, 192, 192, 192, 192]",283446,0.0017229726673296684,38,48,0.29026956382044217,
