task,repeat,row_type,phase,architecture,parameter_count,best_val,best_epoch,final_epoch,test_loss,test_acc
prediction,1,ablation_stl,stl_ablation_r01_d10_w1052_1052_1052_1052_1052_1052_1052_1052_1052_1052_1052,"[1052, 1052, 1052, 1052, 1052, 1052, 1052, 1052, 1052, 1052]",10001365,0.2964616119861603,61,71,0.41346079111099243,
prediction,2,ablation_stl,stl_ablation_r02_d10_w1052_1052_1052_1052_1052_1052_1052_1052_1052_1052_1052,"[1052, 1052, 1052, 1052, 1052, 1052, 1052, 1052, 1052, 1052]",10001365,0.31212472915649414,41,51,0.3026781678199768,
prediction,3,ablation_stl,stl_ablation_r03_d10_w1052_1052_1052_1052_1052_1052_1052_1052_1052_1052_1052,"[1052, 1052, 1052, 1052, 1052, 1052, 1052, 1052, 1052, 1052]",10001365,0.28179702162742615,74,84,0.27659955620765686,
prediction,4,ablation_stl,stl_ablation_r04_d10_w1052_1052_1052_1052_1052_1052_1052_1052_1052_1052_1052,"[1052, 1052, 1052, 1052, 1052, 1052, 1052, 1052, 1052, 1052]",10001365,0.28833305835723877,58,68,0.3014056086540222,
prediction,5,ablation_stl,stl_ablation_r05_d10_w1052_1052_1052_1052_1052_1052_1052_1052_1052_1052_1052,"[1052, 1052, 1052, 1052, 1052, 1052, 1052, 1052, 1052, 1052]",10001365,0.28298020362854004,74,84,0.2886936366558075,
