{
  "architecture": [
    256,
    256,
    256,
    256,
    256,
    256,
    256,
    256,
    256,
    256
  ],
  "best_epoch": 56,
  "best_val": 0.30114418268203735,
  "candidate_dir": "MLPS/tabular/shared/dae_dnn/results/stl/small_grid/prediction/stl_ablation/d10/w256/cand_000",
  "depth": 10,
  "final_epoch": 66,
  "params": 599809,
  "phase": "stl_ablation_d10_w256_256_256_256_256_256_256_256_256_256_256",
  "resumed": false,
  "test_metrics": {
    "test_loss": 0.35016897320747375
  },
  "width": 256
}