{
  "architecture": [
    1402,
    1402,
    1402,
    1402,
    1402,
    1402
  ],
  "batch_index": 357,
  "batch_size": 1164,
  "batches_per_epoch": 400,
  "best_epoch": 4,
  "best_val": 0.0006702827241636435,
  "candidate_dir": "MLPS\\tabular\\shared\\dae_dnn\\results\\stl\\ablation\\parammatched_decade_v1_param_10pow07_08_fresh_v1\\autoencoding\\_children\\stl_ablation_r01_d06_w1402_1402_1402_1402_1402_1402_1402\\autoencoding\\stl_ablation_r01_d06_w1402_1402_1402_1402_1402_1402_1402\\cand_000_d6_w1402",
  "checkpoint_best": "MLPS\\tabular\\shared\\dae_dnn\\results\\stl\\ablation\\parammatched_decade_v1_param_10pow07_08_fresh_v1\\autoencoding\\_children\\stl_ablation_r01_d06_w1402_1402_1402_1402_1402_1402_1402\\autoencoding\\stl_ablation_r01_d06_w1402_1402_1402_1402_1402_1402_1402\\cand_000_d6_w1402\\checkpoint_best.pt",
  "checkpoint_last": "MLPS\\tabular\\shared\\dae_dnn\\results\\stl\\ablation\\parammatched_decade_v1_param_10pow07_08_fresh_v1\\autoencoding\\_children\\stl_ablation_r01_d06_w1402_1402_1402_1402_1402_1402_1402\\autoencoding\\stl_ablation_r01_d06_w1402_1402_1402_1402_1402_1402_1402\\cand_000_d6_w1402\\checkpoint_last.pt",
  "completed": false,
  "epoch": 5,
  "epoch_complete": false,
  "epoch_seed": 5,
  "es_counter": 0,
  "final_epoch": 5,
  "phase": "stl_ablation_r01_d06_w1402_1402_1402_1402_1402_1402_1402",
  "reconstruct": false,
  "running_train_batches": 357,
  "running_train_correct": 0.0,
  "running_train_loss": 1049103.2607918987,
  "running_train_samples": 415548,
  "task": "autoencoding"
}