{
  "architecture": [
    1566,
    1566,
    1566,
    1566,
    1566
  ],
  "batch_index": 12,
  "batch_size": 9312,
  "batches_per_epoch": 19,
  "best_epoch": 6,
  "best_val": 0.0014796225323436346,
  "candidate_dir": "MLPS/tabular/shared/dae_dnn/results/stl/ablation/parammatched_decade_v1_param_10pow07_08/anomaly/_children/stl_ablation_r01_d05_w1566_1566_1566_1566_1566_1566/anomaly/stl_ablation_r02_d05_w1566_1566_1566_1566_1566_1566/cand_000_d5_w1566",
  "checkpoint_best": "MLPS/tabular/shared/dae_dnn/results/stl/ablation/parammatched_decade_v1_param_10pow07_08/anomaly/_children/stl_ablation_r01_d05_w1566_1566_1566_1566_1566_1566/anomaly/stl_ablation_r02_d05_w1566_1566_1566_1566_1566_1566/cand_000_d5_w1566/checkpoint_best.pt",
  "checkpoint_last": "MLPS/tabular/shared/dae_dnn/results/stl/ablation/parammatched_decade_v1_param_10pow07_08/anomaly/_children/stl_ablation_r01_d05_w1566_1566_1566_1566_1566_1566/anomaly/stl_ablation_r02_d05_w1566_1566_1566_1566_1566_1566/cand_000_d5_w1566/checkpoint_last.pt",
  "completed": false,
  "epoch": 7,
  "epoch_complete": false,
  "epoch_seed": 7,
  "es_counter": 0,
  "final_epoch": 7,
  "phase": "stl_ablation_r02_d05_w1566_1566_1566_1566_1566_1566",
  "reconstruct": false,
  "running_train_batches": 12,
  "running_train_correct": 0.0,
  "running_train_loss": 4842.417428188026,
  "running_train_samples": 111744,
  "task": "anomaly"
}