{
  "architecture": [
    256,
    256,
    256,
    256,
    256,
    256,
    256,
    256,
    256,
    256
  ],
  "batch_index": 20,
  "batch_size": 8480,
  "batches_per_epoch": 20,
  "best_epoch": 54,
  "best_val": 0.00130969458287816,
  "candidate_dir": "MLPS/tabular/shared/dae_dnn/results/recovery/missing_width_stl_v1/small_grid_anomaly/_children/stl_ablation_r01_d10_w0256_256_256_256_256_256_256_256_256_256_256/anomaly/stl_ablation_r02_d10_w0256_256_256_256_256_256_256_256_256_256_256/cand_000_d10_w256",
  "checkpoint_best": "MLPS/tabular/shared/dae_dnn/results/recovery/missing_width_stl_v1/small_grid_anomaly/_children/stl_ablation_r01_d10_w0256_256_256_256_256_256_256_256_256_256_256/anomaly/stl_ablation_r02_d10_w0256_256_256_256_256_256_256_256_256_256_256/cand_000_d10_w256/checkpoint_best.pt",
  "checkpoint_last": "MLPS/tabular/shared/dae_dnn/results/recovery/missing_width_stl_v1/small_grid_anomaly/_children/stl_ablation_r01_d10_w0256_256_256_256_256_256_256_256_256_256_256/anomaly/stl_ablation_r02_d10_w0256_256_256_256_256_256_256_256_256_256_256/cand_000_d10_w256/checkpoint_last.pt",
  "completed": false,
  "epoch": 56,
  "epoch_complete": false,
  "epoch_seed": 56,
  "es_counter": 1,
  "final_epoch": 56,
  "phase": "stl_ablation_r02_d10_w0256_256_256_256_256_256_256_256_256_256_256",
  "reconstruct": false,
  "running_train_batches": 20,
  "running_train_correct": 0.0,
  "running_train_loss": 353.7991311249789,
  "running_train_samples": 169386,
  "task": "anomaly"
}