{
  "architecture": [
    1049,
    1049,
    1049,
    1049,
    1049,
    1049,
    1049,
    1049,
    1049,
    1049
  ],
  "batch_index": 149,
  "batch_size": 1164,
  "batches_per_epoch": 400,
  "best_epoch": 4,
  "best_val": 0.22425527779787752,
  "candidate_dir": "MLPS\\tabular\\shared\\dae_dnn\\results\\stl\\ablation\\parammatched_decade_v1_param_10pow07_08_fresh_v1\\classification\\_children\\stl_ablation_r01_d10_w1049_1049_1049_1049_1049_1049_1049_1049_1049_1049_1049\\classification\\stl_ablation_r01_d10_w1049_1049_1049_1049_1049_1049_1049_1049_1049_1049_1049\\cand_000_d10_w1049",
  "checkpoint_best": "MLPS\\tabular\\shared\\dae_dnn\\results\\stl\\ablation\\parammatched_decade_v1_param_10pow07_08_fresh_v1\\classification\\_children\\stl_ablation_r01_d10_w1049_1049_1049_1049_1049_1049_1049_1049_1049_1049_1049\\classification\\stl_ablation_r01_d10_w1049_1049_1049_1049_1049_1049_1049_1049_1049_1049_1049\\cand_000_d10_w1049\\checkpoint_best.pt",
  "checkpoint_last": "MLPS\\tabular\\shared\\dae_dnn\\results\\stl\\ablation\\parammatched_decade_v1_param_10pow07_08_fresh_v1\\classification\\_children\\stl_ablation_r01_d10_w1049_1049_1049_1049_1049_1049_1049_1049_1049_1049_1049\\classification\\stl_ablation_r01_d10_w1049_1049_1049_1049_1049_1049_1049_1049_1049_1049_1049\\cand_000_d10_w1049\\checkpoint_last.pt",
  "completed": false,
  "epoch": 5,
  "epoch_complete": false,
  "epoch_seed": 5,
  "es_counter": 0,
  "final_epoch": 5,
  "phase": "stl_ablation_r01_d10_w1049_1049_1049_1049_1049_1049_1049_1049_1049_1049_1049",
  "reconstruct": false,
  "running_train_batches": 149,
  "running_train_correct": 158410.0,
  "running_train_loss": 36845.01030778885,
  "running_train_samples": 173436,
  "task": "classification"
}