{
  "architecture": [
    128,
    128,
    128,
    128,
    128,
    128,
    128,
    128,
    128,
    128
  ],
  "best_epoch": 76,
  "best_val": 0.2888587415218353,
  "candidate_dir": "MLPS/tabular/shared/dae_dnn/results/stl/small_grid/simulation_prediction_v1/prediction/stl_ablation/d10/w128/cand_000",
  "depth": 10,
  "final_epoch": 86,
  "params": 152449,
  "phase": "stl_ablation_d10_w128_128_128_128_128_128_128_128_128_128_128",
  "resumed": false,
  "test_metrics": {
    "test_loss": 0.29411956667900085
  },
  "width": 128
}