{
  "architecture": [
    256,
    256,
    256,
    256,
    256,
    256,
    256,
    256
  ],
  "best_epoch": 62,
  "best_val": 0.28749579191207886,
  "candidate_dir": "MLPS/tabular/shared/dae_dnn/results/stl/small_grid/prediction/stl_ablation/d08/w256/cand_000",
  "depth": 8,
  "final_epoch": 72,
  "params": 467201,
  "phase": "stl_ablation_d08_w256_256_256_256_256_256_256_256_256",
  "resumed": false,
  "test_metrics": {
    "test_loss": 0.33981314301490784
  },
  "width": 256
}