task,repeat,row_type,phase,architecture,parameter_count,best_val,best_epoch,final_epoch,test_loss,test_acc
prediction,1,ablation_stl,stl_ablation_r01_d10_w0031_31_31_31_31_31_31_31_31_31_31,"[31, 31, 31, 31, 31, 31, 31, 31, 31, 31]",9859,0.32570067048072815,132,142,0.31450772285461426,
prediction,2,ablation_stl,stl_ablation_r02_d10_w0031_31_31_31_31_31_31_31_31_31_31,"[31, 31, 31, 31, 31, 31, 31, 31, 31, 31]",9859,0.2929733991622925,191,201,0.2847907245159149,
prediction,3,ablation_stl,stl_ablation_r03_d10_w0031_31_31_31_31_31_31_31_31_31_31,"[31, 31, 31, 31, 31, 31, 31, 31, 31, 31]",9859,0.31021419167518616,145,155,0.309665322303772,
prediction,4,ablation_stl,stl_ablation_r04_d10_w0031_31_31_31_31_31_31_31_31_31_31,"[31, 31, 31, 31, 31, 31, 31, 31, 31, 31]",9859,0.29665860533714294,261,271,0.2937426269054413,
prediction,5,ablation_stl,stl_ablation_r05_d10_w0031_31_31_31_31_31_31_31_31_31_31,"[31, 31, 31, 31, 31, 31, 31, 31, 31, 31]",9859,0.2953962981700897,230,240,0.3061520457267761,
