task,repeat,row_type,phase,architecture,parameter_count,best_val,best_epoch,final_epoch,test_loss,test_acc
prediction,1,ablation_stl,stl_ablation_r01_d05_w0047_47_47_47_47_47,"[47, 47, 47, 47, 47]",9965,0.29395148158073425,160,170,0.28735020756721497,
prediction,2,ablation_stl,stl_ablation_r02_d05_w0047_47_47_47_47_47,"[47, 47, 47, 47, 47]",9965,0.28866297006607056,215,225,0.2784268260002136,
prediction,3,ablation_stl,stl_ablation_r03_d05_w0047_47_47_47_47_47,"[47, 47, 47, 47, 47]",9965,0.2876978814601898,228,238,0.280722439289093,
prediction,4,ablation_stl,stl_ablation_r04_d05_w0047_47_47_47_47_47,"[47, 47, 47, 47, 47]",9965,0.280608594417572,221,231,0.2721249759197235,
prediction,5,ablation_stl,stl_ablation_r05_d05_w0047_47_47_47_47_47,"[47, 47, 47, 47, 47]",9965,0.2821793854236603,204,214,0.28216487169265747,
