task,family,phase,architecture,params,best_val,test_loss,test_acc,knn_acc,cluster_nmi
representation,ADP,ae_width_only,"[90, 90, 89, 89, 89, 89, 89, 89]",63347,0.08590842700675401,,,,
representation,STL_paired,stl_from_ae_width_only,"[90, 90, 89, 89, 89, 89, 89, 89]",63347,0.14542500918755746,0.14726148127388236,0.9443210960224436,0.9593294435551883,0.5355989105695145
