{
  "architecture": [
    160,
    160,
    160,
    160,
    160,
    160
  ],
  "best_epoch": 35,
  "best_val": 0.03685200959444046,
  "candidate_dir": "MLPS/tabular/shared/dae_dnn/results/stl/small_grid/simulation/stl_ablation/d06/w160/cand_000",
  "depth": 6,
  "final_epoch": 45,
  "params": 132321,
  "phase": "stl_ablation_d06_w160_160_160_160_160_160_160",
  "resumed": false,
  "test_metrics": {
    "test_loss": 0.07313255220651627
  },
  "width": 160
}