task,repeat,row_type,phase,architecture,parameter_count,best_val,best_epoch,final_epoch,test_loss,test_acc
classification,1,ablation_stl,stl_ablation_r01_d03_w0055_55_55_55,"[55, 55, 55]",9907,0.2927413937176623,105,115,0.290877845352015,0.8838402092907179
classification,2,ablation_stl,stl_ablation_r02_d03_w0055_55_55_55,"[55, 55, 55]",9907,0.27374392448116935,148,158,0.27638080693204703,0.8906042925250857
classification,3,ablation_stl,stl_ablation_r03_d03_w0055_55_55_55,"[55, 55, 55]",9907,0.27065094354913843,157,167,0.27250111446984077,0.8909657320872274
classification,4,ablation_stl,stl_ablation_r04_d03_w0055_55_55_55,"[55, 55, 55]",9907,0.2963447119341839,124,134,0.2969304593905584,0.8803462935233473
classification,5,ablation_stl,stl_ablation_r05_d03_w0055_55_55_55,"[55, 55, 55]",9907,0.2769341069718129,105,115,0.2791161981873934,0.8873169136503675
