{
  "architecture": [
    96,
    96,
    96,
    96,
    96,
    96,
    96,
    96,
    96,
    96
  ],
  "best_epoch": 102,
  "best_val": 0.009930464439094067,
  "candidate_dir": "MLPS/tabular/shared/dae_dnn/results/stl/small_grid/simulation/stl_ablation/d10/w096/cand_000",
  "depth": 10,
  "final_epoch": 112,
  "params": 86689,
  "phase": "stl_ablation_d10_w096_96_96_96_96_96_96_96_96_96_96",
  "resumed": false,
  "test_metrics": {
    "test_loss": 0.010983842425048351
  },
  "width": 96
}