task,repeat,row_type,phase,architecture,parameter_count,best_val,best_epoch,final_epoch,test_loss,test_acc
prediction,1,ablation_stl,stl_ablation_r01_d05_w1578_1578_1578_1578_1578_1578,"[1578, 1578, 1578, 1578, 1578]",9998209,0.28918686509132385,44,54,0.32019472122192383,
prediction,2,ablation_stl,stl_ablation_r02_d05_w1578_1578_1578_1578_1578_1578,"[1578, 1578, 1578, 1578, 1578]",9998209,0.367087185382843,17,27,0.37413811683654785,
prediction,3,ablation_stl,stl_ablation_r03_d05_w1578_1578_1578_1578_1578_1578,"[1578, 1578, 1578, 1578, 1578]",9998209,0.3186430335044861,30,40,0.31100061535835266,
prediction,4,ablation_stl,stl_ablation_r04_d05_w1578_1578_1578_1578_1578_1578,"[1578, 1578, 1578, 1578, 1578]",9998209,0.3357652723789215,35,45,0.3321772813796997,
prediction,5,ablation_stl,stl_ablation_r05_d05_w1578_1578_1578_1578_1578_1578,"[1578, 1578, 1578, 1578, 1578]",9998209,0.29414528608322144,47,57,0.29433268308639526,
