task,repeat,row_type,phase,architecture,parameter_count,best_val,best_epoch,final_epoch,test_loss,test_acc
prediction,2,ablation_stl,stl_ablation_r02_d07_w0038_38_38_38_38_38_38_38,"[38, 38, 38, 38, 38, 38, 38]",9805,0.28384533524513245,241,251,0.2910306751728058,
prediction,3,ablation_stl,stl_ablation_r03_d07_w0038_38_38_38_38_38_38_38,"[38, 38, 38, 38, 38, 38, 38]",9805,0.3002258241176605,127,137,0.31098073720932007,
prediction,4,ablation_stl,stl_ablation_r04_d07_w0038_38_38_38_38_38_38_38,"[38, 38, 38, 38, 38, 38, 38]",9805,0.2800595760345459,275,285,0.279447078704834,
prediction,5,ablation_stl,stl_ablation_r05_d07_w0038_38_38_38_38_38_38_38,"[38, 38, 38, 38, 38, 38, 38]",9805,0.2884542644023895,216,226,0.2768677771091461,
