task,repeat,row_type,phase,architecture,parameter_count,best_val,best_epoch,final_epoch,test_loss,test_acc
prediction,1,ablation_stl,stl_ablation_r01_d09_w0033_33_33_33_33_33_33_33_33_33,"[33, 33, 33, 33, 33, 33, 33, 33, 33]",9901,0.28706735372543335,234,244,0.2855435013771057,
prediction,2,ablation_stl,stl_ablation_r02_d09_w0033_33_33_33_33_33_33_33_33_33,"[33, 33, 33, 33, 33, 33, 33, 33, 33]",9901,0.29905787110328674,238,248,0.2856322228908539,
prediction,3,ablation_stl,stl_ablation_r03_d09_w0033_33_33_33_33_33_33_33_33_33,"[33, 33, 33, 33, 33, 33, 33, 33, 33]",9901,0.28399258852005005,208,218,0.28374403715133667,
prediction,4,ablation_stl,stl_ablation_r04_d09_w0033_33_33_33_33_33_33_33_33_33,"[33, 33, 33, 33, 33, 33, 33, 33, 33]",9901,0.2920232117176056,238,248,0.2789199650287628,
prediction,5,ablation_stl,stl_ablation_r05_d09_w0033_33_33_33_33_33_33_33_33_33,"[33, 33, 33, 33, 33, 33, 33, 33, 33]",9901,0.2835739552974701,264,274,0.2733599543571472,
