task,repeat,row_type,phase,architecture,parameter_count,best_val,best_epoch,final_epoch,test_loss,test_acc
prediction,1,ablation_stl,stl_ablation_r01_d09_w0033_33_33_33_33_33_33_33_33_33,"[33, 33, 33, 33, 33, 33, 33, 33, 33]",9901,0.289233535528183,208,218,0.28770264983177185,
prediction,2,ablation_stl,stl_ablation_r02_d09_w0033_33_33_33_33_33_33_33_33_33,"[33, 33, 33, 33, 33, 33, 33, 33, 33]",9901,0.28179931640625,312,322,0.27756667137145996,
prediction,3,ablation_stl,stl_ablation_r03_d09_w0033_33_33_33_33_33_33_33_33_33,"[33, 33, 33, 33, 33, 33, 33, 33, 33]",9901,0.28806477785110474,209,219,0.2870725989341736,
prediction,4,ablation_stl,stl_ablation_r04_d09_w0033_33_33_33_33_33_33_33_33_33,"[33, 33, 33, 33, 33, 33, 33, 33, 33]",9901,0.2984723448753357,186,196,0.2866421341896057,
prediction,5,ablation_stl,stl_ablation_r05_d09_w0033_33_33_33_33_33_33_33_33_33,"[33, 33, 33, 33, 33, 33, 33, 33, 33]",9901,0.2871536910533905,247,257,0.2806258201599121,
