{
  "architecture": [
    128,
    128,
    128,
    128,
    128,
    128,
    128,
    128
  ],
  "batch_index": 0,
  "batch_size": 169386,
  "batches_per_epoch": 1,
  "best_epoch": 121,
  "best_val": 0.18449686467647552,
  "candidate_dir": "MLPS/tabular/shared/dae_dnn/results/recovery/missing_width_stl_v1/small_grid_anomaly/_children/stl_ablation_r01_d08_w0128_128_128_128_128_128_128_128_128/anomaly/stl_ablation_r01_d08_w0128_128_128_128_128_128_128_128_128/cand_000_d8_w128",
  "checkpoint_best": "MLPS/tabular/shared/dae_dnn/results/recovery/missing_width_stl_v1/small_grid_anomaly/_children/stl_ablation_r01_d08_w0128_128_128_128_128_128_128_128_128/anomaly/stl_ablation_r01_d08_w0128_128_128_128_128_128_128_128_128/cand_000_d8_w128/checkpoint_best.pt",
  "checkpoint_last": "MLPS/tabular/shared/dae_dnn/results/recovery/missing_width_stl_v1/small_grid_anomaly/_children/stl_ablation_r01_d08_w0128_128_128_128_128_128_128_128_128/anomaly/stl_ablation_r01_d08_w0128_128_128_128_128_128_128_128_128/cand_000_d8_w128/checkpoint_last.pt",
  "completed": false,
  "epoch": 121,
  "epoch_complete": true,
  "epoch_seed": 121,
  "es_counter": 0,
  "final_epoch": 121,
  "phase": "stl_ablation_r01_d08_w0128_128_128_128_128_128_128_128_128",
  "reconstruct": false,
  "running_train_batches": 1,
  "running_train_correct": 0.0,
  "running_train_loss": 28736.577769964933,
  "running_train_samples": 169386,
  "task": "anomaly"
}