{
  "architecture": [
    1280,
    1280,
    1280,
    1280,
    1280,
    1280,
    1280
  ],
  "batch_index": 219,
  "batch_size": 1164,
  "batches_per_epoch": 400,
  "best_epoch": 3,
  "best_val": 0.007472406832822809,
  "candidate_dir": "MLPS\\tabular\\shared\\dae_dnn\\results\\stl\\ablation\\parammatched_decade_v1_param_10pow07_08_fresh_v1\\denoising\\_children\\stl_ablation_r01_d07_w1280_1280_1280_1280_1280_1280_1280_1280\\denoising\\stl_ablation_r01_d07_w1280_1280_1280_1280_1280_1280_1280_1280\\cand_000_d7_w1280",
  "checkpoint_best": "MLPS\\tabular\\shared\\dae_dnn\\results\\stl\\ablation\\parammatched_decade_v1_param_10pow07_08_fresh_v1\\denoising\\_children\\stl_ablation_r01_d07_w1280_1280_1280_1280_1280_1280_1280_1280\\denoising\\stl_ablation_r01_d07_w1280_1280_1280_1280_1280_1280_1280_1280\\cand_000_d7_w1280\\checkpoint_best.pt",
  "checkpoint_last": "MLPS\\tabular\\shared\\dae_dnn\\results\\stl\\ablation\\parammatched_decade_v1_param_10pow07_08_fresh_v1\\denoising\\_children\\stl_ablation_r01_d07_w1280_1280_1280_1280_1280_1280_1280_1280\\denoising\\stl_ablation_r01_d07_w1280_1280_1280_1280_1280_1280_1280_1280\\cand_000_d7_w1280\\checkpoint_last.pt",
  "completed": false,
  "epoch": 6,
  "epoch_complete": false,
  "epoch_seed": 6,
  "es_counter": 2,
  "final_epoch": 6,
  "phase": "stl_ablation_r01_d07_w1280_1280_1280_1280_1280_1280_1280_1280",
  "reconstruct": false,
  "running_train_batches": 219,
  "running_train_correct": 0.0,
  "running_train_loss": 6912.175989512354,
  "running_train_samples": 254916,
  "task": "denoising"
}