{
  "architecture": [
    1412,
    1412,
    1412,
    1412,
    1412,
    1412
  ],
  "batch_index": 16,
  "batch_size": 1032,
  "batches_per_epoch": 16,
  "best_epoch": 31,
  "best_val": 0.2828160673379898,
  "candidate_dir": "MLPS\\tabular\\shared\\dae_dnn\\results\\stl\\ablation\\parammatched_decade_v1_param_10pow07_08_fresh_v1\\prediction\\_children\\stl_ablation_r01_d06_w1412_1412_1412_1412_1412_1412_1412\\prediction\\stl_ablation_r02_d06_w1412_1412_1412_1412_1412_1412_1412\\cand_000_d6_w1412",
  "checkpoint_best": "MLPS\\tabular\\shared\\dae_dnn\\results\\stl\\ablation\\parammatched_decade_v1_param_10pow07_08_fresh_v1\\prediction\\_children\\stl_ablation_r01_d06_w1412_1412_1412_1412_1412_1412_1412\\prediction\\stl_ablation_r02_d06_w1412_1412_1412_1412_1412_1412_1412\\cand_000_d6_w1412\\checkpoint_best.pt",
  "checkpoint_last": "MLPS\\tabular\\shared\\dae_dnn\\results\\stl\\ablation\\parammatched_decade_v1_param_10pow07_08_fresh_v1\\prediction\\_children\\stl_ablation_r01_d06_w1412_1412_1412_1412_1412_1412_1412\\prediction\\stl_ablation_r02_d06_w1412_1412_1412_1412_1412_1412_1412\\cand_000_d6_w1412\\checkpoint_last.pt",
  "completed": false,
  "epoch": 39,
  "epoch_complete": false,
  "epoch_seed": 39,
  "es_counter": 6,
  "final_epoch": 39,
  "phase": "stl_ablation_r02_d06_w1412_1412_1412_1412_1412_1412_1412",
  "reconstruct": false,
  "running_train_batches": 16,
  "running_train_correct": 0.0,
  "running_train_loss": 4279.055340528488,
  "running_train_samples": 16512,
  "task": "prediction"
}