{
  "architecture": [
    1046,
    1046,
    1046,
    1046,
    1046,
    1046,
    1046,
    1046,
    1046,
    1046
  ],
  "batch_index": 607,
  "batch_size": 582,
  "batches_per_epoch": 799,
  "best_epoch": 4,
  "best_val": 0.010863571637907583,
  "candidate_dir": "MLPS\\tabular\\shared\\dae_dnn\\results\\stl\\ablation\\parammatched_decade_v1_param_10pow07_08_fresh_v1\\denoising\\_children\\stl_ablation_r01_d10_w1046_1046_1046_1046_1046_1046_1046_1046_1046_1046_1046\\denoising\\stl_ablation_r01_d10_w1046_1046_1046_1046_1046_1046_1046_1046_1046_1046_1046\\cand_000_d10_w1046",
  "checkpoint_best": "MLPS\\tabular\\shared\\dae_dnn\\results\\stl\\ablation\\parammatched_decade_v1_param_10pow07_08_fresh_v1\\denoising\\_children\\stl_ablation_r01_d10_w1046_1046_1046_1046_1046_1046_1046_1046_1046_1046_1046\\denoising\\stl_ablation_r01_d10_w1046_1046_1046_1046_1046_1046_1046_1046_1046_1046_1046\\cand_000_d10_w1046\\checkpoint_best.pt",
  "checkpoint_last": "MLPS\\tabular\\shared\\dae_dnn\\results\\stl\\ablation\\parammatched_decade_v1_param_10pow07_08_fresh_v1\\denoising\\_children\\stl_ablation_r01_d10_w1046_1046_1046_1046_1046_1046_1046_1046_1046_1046_1046\\denoising\\stl_ablation_r01_d10_w1046_1046_1046_1046_1046_1046_1046_1046_1046_1046_1046\\cand_000_d10_w1046\\checkpoint_last.pt",
  "completed": false,
  "epoch": 5,
  "epoch_complete": false,
  "epoch_seed": 5,
  "es_counter": 0,
  "final_epoch": 5,
  "phase": "stl_ablation_r01_d10_w1046_1046_1046_1046_1046_1046_1046_1046_1046_1046_1046",
  "reconstruct": false,
  "running_train_batches": 607,
  "running_train_correct": 0.0,
  "running_train_loss": 14449.701245857403,
  "running_train_samples": 353274,
  "task": "denoising"
}