{
  "architecture": [
    64,
    64,
    64,
    64,
    64,
    64,
    64,
    64,
    64,
    64
  ],
  "best_epoch": 138,
  "best_val": 0.295136958360672,
  "candidate_dir": "MLPS/tabular/shared/dae_dnn/results/stl/small_grid/prediction/stl_ablation/d10/w064/cand_000",
  "depth": 10,
  "final_epoch": 148,
  "params": 39361,
  "phase": "stl_ablation_d10_w064_64_64_64_64_64_64_64_64_64_64",
  "resumed": false,
  "test_metrics": {
    "test_loss": 0.28410831093788147
  },
  "width": 64
}