task,repeat,row_type,phase,architecture,parameter_count,best_val,best_epoch,final_epoch,test_loss,test_acc
prediction,1,ablation_stl,stl_ablation_r01_d10_w0031_31_31_31_31_31_31_31_31_31_31,"[31, 31, 31, 31, 31, 31, 31, 31, 31, 31]",9859,0.30522534251213074,208,218,0.2882166802883148,
prediction,2,ablation_stl,stl_ablation_r02_d10_w0031_31_31_31_31_31_31_31_31_31_31,"[31, 31, 31, 31, 31, 31, 31, 31, 31, 31]",9859,0.3177167773246765,155,165,0.3011727035045624,
prediction,3,ablation_stl,stl_ablation_r03_d10_w0031_31_31_31_31_31_31_31_31_31_31,"[31, 31, 31, 31, 31, 31, 31, 31, 31, 31]",9859,0.29119765758514404,201,211,0.27698901295661926,
prediction,4,ablation_stl,stl_ablation_r04_d10_w0031_31_31_31_31_31_31_31_31_31_31,"[31, 31, 31, 31, 31, 31, 31, 31, 31, 31]",9859,0.29496291279792786,197,207,0.2893766760826111,
prediction,5,ablation_stl,stl_ablation_r05_d10_w0031_31_31_31_31_31_31_31_31_31_31,"[31, 31, 31, 31, 31, 31, 31, 31, 31, 31]",9859,0.29421335458755493,255,265,0.2815205156803131,
