task,repeat,row_type,phase,architecture,parameter_count,best_val,best_epoch,final_epoch,test_loss,test_acc
prediction,1,ablation_stl,stl_ablation_r01_d10_w0031_31_31_31_31_31_31_31_31_31_31,"[31, 31, 31, 31, 31, 31, 31, 31, 31, 31]",9859,0.2977355718612671,246,256,0.2955547273159027,
prediction,2,ablation_stl,stl_ablation_r02_d10_w0031_31_31_31_31_31_31_31_31_31_31,"[31, 31, 31, 31, 31, 31, 31, 31, 31, 31]",9859,0.2889151871204376,205,215,0.27951982617378235,
prediction,3,ablation_stl,stl_ablation_r03_d10_w0031_31_31_31_31_31_31_31_31_31_31,"[31, 31, 31, 31, 31, 31, 31, 31, 31, 31]",9859,0.2825339734554291,252,262,0.2783973515033722,
prediction,4,ablation_stl,stl_ablation_r04_d10_w0031_31_31_31_31_31_31_31_31_31_31,"[31, 31, 31, 31, 31, 31, 31, 31, 31, 31]",9859,0.28437820076942444,348,358,0.28266337513923645,
prediction,5,ablation_stl,stl_ablation_r05_d10_w0031_31_31_31_31_31_31_31_31_31_31,"[31, 31, 31, 31, 31, 31, 31, 31, 31, 31]",9859,0.3017204701900482,154,164,0.3121268153190613,
