task,repeat,row_type,phase,architecture,parameter_count,best_val,best_epoch,final_epoch,test_loss,test_acc
simulation,1,ablation_stl,stl_ablation_r01_d05_w0047_47_47_47_47_47,"[47, 47, 47, 47, 47]",9965,0.012038249522447586,142,152,0.013021080754697323,
simulation,2,ablation_stl,stl_ablation_r02_d05_w0047_47_47_47_47_47,"[47, 47, 47, 47, 47]",9965,0.0037358736153692007,166,176,0.011227992363274097,
simulation,3,ablation_stl,stl_ablation_r03_d05_w0047_47_47_47_47_47,"[47, 47, 47, 47, 47]",9965,0.052594058215618134,69,79,0.05544384568929672,
simulation,4,ablation_stl,stl_ablation_r04_d05_w0047_47_47_47_47_47,"[47, 47, 47, 47, 47]",9965,0.006167943123728037,190,200,0.015722738578915596,
simulation,5,ablation_stl,stl_ablation_r05_d05_w0047_47_47_47_47_47,"[47, 47, 47, 47, 47]",9965,0.007904806174337864,144,154,0.03265783563256264,
