task,repeat,row_type,phase,architecture,parameter_count,best_val,best_epoch,final_epoch,test_loss,test_acc
anomaly,1,ablation_stl,stl_ablation_r01_d10_w0096_96_96_96_96_96_96_96_96_96_96,"[96, 96, 96, 96, 96, 96, 96, 96, 96, 96]",96246,0.003024302990615824,97,107,0.3091979856145193,
anomaly,2,ablation_stl,stl_ablation_r02_d10_w0096_96_96_96_96_96_96_96_96_96_96,"[96, 96, 96, 96, 96, 96, 96, 96, 96, 96]",96246,0.002837640371213768,97,107,0.3071721603654095,
anomaly,3,ablation_stl,stl_ablation_r03_d10_w0096_96_96_96_96_96_96_96_96_96_96,"[96, 96, 96, 96, 96, 96, 96, 96, 96, 96]",96246,0.003616121280631996,84,94,0.3249807082581712,
anomaly,4,ablation_stl,stl_ablation_r04_d10_w0096_96_96_96_96_96_96_96_96_96_96,"[96, 96, 96, 96, 96, 96, 96, 96, 96, 96]",96246,0.004228856844560233,69,79,0.3214411217698735,
anomaly,5,ablation_stl,stl_ablation_r05_d10_w0096_96_96_96_96_96_96_96_96_96_96,"[96, 96, 96, 96, 96, 96, 96, 96, 96, 96]",96246,0.003474089695390058,81,91,0.30325034513693316,
