{
  "architecture": [
    1406,
    1406,
    1406,
    1406,
    1406,
    1406
  ],
  "batch_index": 95,
  "batch_size": 582,
  "batches_per_epoch": 799,
  "best_epoch": 9,
  "best_val": 0.16966517566680514,
  "candidate_dir": "MLPS\\tabular\\shared\\dae_dnn\\results\\stl\\ablation\\parammatched_decade_v1_param_10pow07_08_fresh_v1\\classification\\_children\\stl_ablation_r01_d06_w1406_1406_1406_1406_1406_1406_1406\\classification\\stl_ablation_r01_d06_w1406_1406_1406_1406_1406_1406_1406\\cand_000_d6_w1406",
  "checkpoint_best": "MLPS\\tabular\\shared\\dae_dnn\\results\\stl\\ablation\\parammatched_decade_v1_param_10pow07_08_fresh_v1\\classification\\_children\\stl_ablation_r01_d06_w1406_1406_1406_1406_1406_1406_1406\\classification\\stl_ablation_r01_d06_w1406_1406_1406_1406_1406_1406_1406\\cand_000_d6_w1406\\checkpoint_best.pt",
  "checkpoint_last": "MLPS\\tabular\\shared\\dae_dnn\\results\\stl\\ablation\\parammatched_decade_v1_param_10pow07_08_fresh_v1\\classification\\_children\\stl_ablation_r01_d06_w1406_1406_1406_1406_1406_1406_1406\\classification\\stl_ablation_r01_d06_w1406_1406_1406_1406_1406_1406_1406\\cand_000_d6_w1406\\checkpoint_last.pt",
  "completed": false,
  "epoch": 11,
  "epoch_complete": false,
  "epoch_seed": 11,
  "es_counter": 1,
  "final_epoch": 11,
  "phase": "stl_ablation_r01_d06_w1406_1406_1406_1406_1406_1406_1406",
  "reconstruct": false,
  "running_train_batches": 95,
  "running_train_correct": 51111.0,
  "running_train_loss": 10183.907797068357,
  "running_train_samples": 55290,
  "task": "classification"
}