task,repeat,row_type,phase,architecture,parameter_count,best_val,best_epoch,final_epoch,test_loss,test_acc
generation,1,ablation_stl,stl_ablation_r01_d03_w0047_47_47_47,"[47, 47, 47]",9971,1.0081938801026218,10,20,1.0673840795149523,
generation,2,ablation_stl,stl_ablation_r02_d03_w0047_47_47_47,"[47, 47, 47]",9971,1.0082728131115206,7,17,1.0674541263690625,
generation,3,ablation_stl,stl_ablation_r03_d03_w0047_47_47_47,"[47, 47, 47]",9971,1.0082230262630287,8,18,1.0674274100635395,
generation,4,ablation_stl,stl_ablation_r04_d03_w0047_47_47_47,"[47, 47, 47]",9971,1.0082784291388924,6,16,1.0675161143225016,
generation,5,ablation_stl,stl_ablation_r05_d03_w0047_47_47_47,"[47, 47, 47]",9971,1.0082799004906438,9,19,1.0674943361665452,
