task,repeat,row_type,phase,architecture,parameter_count,best_val,best_epoch,final_epoch,test_loss,test_acc
classification,1,ablation_stl,stl_ablation_r01_d05_w0041_41_41_41_41_41,"[41, 41, 41, 41, 41]",9847,0.23389216567031265,102,112,0.23613239930873503,0.904958606564431
classification,2,ablation_stl,stl_ablation_r02_d05_w0041_41_41_41_41_41,"[41, 41, 41, 41, 41]",9847,0.23289086687956942,112,122,0.24054073651728106,0.9038226536548424
classification,3,ablation_stl,stl_ablation_r03_d05_w0041_41_41_41_41_41,"[41, 41, 41, 41, 41]",9847,0.24816600034847142,88,98,0.2468713418210169,0.9014646907970603
classification,4,ablation_stl,stl_ablation_r04_d05_w0041_41_41_41_41_41,"[41, 41, 41, 41, 41]",9847,0.24508662662718092,71,81,0.2621329476376991,0.893547443245383
classification,5,ablation_stl,stl_ablation_r05_d05_w0041_41_41_41_41_41,"[41, 41, 41, 41, 41]",9847,0.24229995969983195,91,101,0.24697346134834433,0.8983322145918314
