task,repeat,row_type,phase,architecture,parameter_count,best_val,best_epoch,final_epoch,test_loss,test_acc
prediction,1,ablation_stl,stl_ablation_r01_d03_w0066_66_66_66,"[66, 66, 66]",9901,0.29086431860923767,243,253,0.2844869792461395,
prediction,2,ablation_stl,stl_ablation_r02_d03_w0066_66_66_66,"[66, 66, 66]",9901,0.28572413325309753,227,237,0.28306591510772705,
prediction,3,ablation_stl,stl_ablation_r03_d03_w0066_66_66_66,"[66, 66, 66]",9901,0.28386712074279785,309,319,0.32015565037727356,
prediction,4,ablation_stl,stl_ablation_r04_d03_w0066_66_66_66,"[66, 66, 66]",9901,0.2859157621860504,288,298,0.2730984389781952,
prediction,5,ablation_stl,stl_ablation_r05_d03_w0066_66_66_66,"[66, 66, 66]",9901,0.29150649905204773,209,219,0.29097411036491394,
