task,repeat,row_type,phase,architecture,parameter_count,best_val,best_epoch,final_epoch,test_loss,test_acc
prediction,1,ablation_stl,stl_ablation_r01_d03_w0066_66_66_66,"[66, 66, 66]",9901,0.28949815034866333,243,253,0.2813531160354614,
prediction,2,ablation_stl,stl_ablation_r02_d03_w0066_66_66_66,"[66, 66, 66]",9901,0.2879890203475952,209,219,0.2814973294734955,
prediction,3,ablation_stl,stl_ablation_r03_d03_w0066_66_66_66,"[66, 66, 66]",9901,0.28848499059677124,243,253,0.27882277965545654,
prediction,4,ablation_stl,stl_ablation_r04_d03_w0066_66_66_66,"[66, 66, 66]",9901,0.28891342878341675,209,219,0.2787143290042877,
prediction,5,ablation_stl,stl_ablation_r05_d03_w0066_66_66_66,"[66, 66, 66]",9901,0.29015085101127625,209,219,0.2811896502971649,
