{
  "architecture": [
    256,
    256,
    256,
    256,
    256,
    256,
    256,
    256
  ],
  "batch_index": 16,
  "batch_size": 8480,
  "batches_per_epoch": 20,
  "best_epoch": 38,
  "best_val": 0.0013125024816355183,
  "candidate_dir": "MLPS/tabular/shared/dae_dnn/results/recovery/missing_width_stl_v1/small_grid_anomaly/_children/stl_ablation_r01_d08_w0256_256_256_256_256_256_256_256_256/anomaly/stl_ablation_r03_d08_w0256_256_256_256_256_256_256_256_256/cand_000_d8_w256",
  "checkpoint_best": "MLPS/tabular/shared/dae_dnn/results/recovery/missing_width_stl_v1/small_grid_anomaly/_children/stl_ablation_r01_d08_w0256_256_256_256_256_256_256_256_256/anomaly/stl_ablation_r03_d08_w0256_256_256_256_256_256_256_256_256/cand_000_d8_w256/checkpoint_best.pt",
  "checkpoint_last": "MLPS/tabular/shared/dae_dnn/results/recovery/missing_width_stl_v1/small_grid_anomaly/_children/stl_ablation_r01_d08_w0256_256_256_256_256_256_256_256_256/anomaly/stl_ablation_r03_d08_w0256_256_256_256_256_256_256_256_256/cand_000_d8_w256/checkpoint_last.pt",
  "completed": false,
  "epoch": 48,
  "epoch_complete": false,
  "epoch_seed": 48,
  "es_counter": 9,
  "final_epoch": 48,
  "phase": "stl_ablation_r03_d08_w0256_256_256_256_256_256_256_256_256",
  "reconstruct": false,
  "running_train_batches": 16,
  "running_train_correct": 0.0,
  "running_train_loss": 192.63227608054876,
  "running_train_samples": 135680,
  "task": "anomaly"
}