{
  "architecture": [
    1186,
    1186,
    1186,
    1186,
    1186,
    1186,
    1186,
    1186
  ],
  "batch_index": 310,
  "batch_size": 1164,
  "batches_per_epoch": 400,
  "best_epoch": 4,
  "best_val": 0.0011223052478387563,
  "candidate_dir": "MLPS\\tabular\\shared\\dae_dnn\\results\\stl\\ablation\\parammatched_decade_v1_param_10pow07_08_fresh_v1\\autoencoding\\_children\\stl_ablation_r01_d08_w1186_1186_1186_1186_1186_1186_1186_1186_1186\\autoencoding\\stl_ablation_r01_d08_w1186_1186_1186_1186_1186_1186_1186_1186_1186\\cand_000_d8_w1186",
  "checkpoint_best": "MLPS\\tabular\\shared\\dae_dnn\\results\\stl\\ablation\\parammatched_decade_v1_param_10pow07_08_fresh_v1\\autoencoding\\_children\\stl_ablation_r01_d08_w1186_1186_1186_1186_1186_1186_1186_1186_1186\\autoencoding\\stl_ablation_r01_d08_w1186_1186_1186_1186_1186_1186_1186_1186_1186\\cand_000_d8_w1186\\checkpoint_best.pt",
  "checkpoint_last": "MLPS\\tabular\\shared\\dae_dnn\\results\\stl\\ablation\\parammatched_decade_v1_param_10pow07_08_fresh_v1\\autoencoding\\_children\\stl_ablation_r01_d08_w1186_1186_1186_1186_1186_1186_1186_1186_1186\\autoencoding\\stl_ablation_r01_d08_w1186_1186_1186_1186_1186_1186_1186_1186_1186\\cand_000_d8_w1186\\checkpoint_last.pt",
  "completed": false,
  "epoch": 6,
  "epoch_complete": false,
  "epoch_seed": 6,
  "es_counter": 1,
  "final_epoch": 6,
  "phase": "stl_ablation_r01_d08_w1186_1186_1186_1186_1186_1186_1186_1186_1186",
  "reconstruct": false,
  "running_train_batches": 310,
  "running_train_correct": 0.0,
  "running_train_loss": 13792.861045169178,
  "running_train_samples": 360840,
  "task": "autoencoding"
}