task,repeat,row_type,phase,architecture,parameter_count,best_val,best_epoch,final_epoch,test_loss,test_acc
anomaly,1,ablation_stl,stl_ablation_r01_d10_w0192_192_192_192_192_192_192_192_192_192_192,"[192, 192, 192, 192, 192, 192, 192, 192, 192, 192]",358326,0.0014112844762233336,61,71,0.2814968364873856,
anomaly,2,ablation_stl,stl_ablation_r02_d10_w0192_192_192_192_192_192_192_192_192_192_192,"[192, 192, 192, 192, 192, 192, 192, 192, 192, 192]",358326,0.0023034802780360387,40,50,0.29421456748375485,
anomaly,3,ablation_stl,stl_ablation_r03_d10_w0192_192_192_192_192_192_192_192_192_192_192,"[192, 192, 192, 192, 192, 192, 192, 192, 192, 192]",358326,0.0016012974551594136,62,72,0.29696216591180724,
anomaly,4,ablation_stl,stl_ablation_r04_d10_w0192_192_192_192_192_192_192_192_192_192_192,"[192, 192, 192, 192, 192, 192, 192, 192, 192, 192]",358326,0.001834436152970299,47,57,0.2937062579178414,
anomaly,5,ablation_stl,stl_ablation_r05_d10_w0192_192_192_192_192_192_192_192_192_192_192,"[192, 192, 192, 192, 192, 192, 192, 192, 192, 192]",358326,0.0016300886056174102,58,68,0.29898062840711165,
