{
  "architecture": [
    1402,
    1402,
    1402,
    1402,
    1402,
    1402
  ],
  "batch_index": 83,
  "batch_size": 1164,
  "batches_per_epoch": 400,
  "best_epoch": 6,
  "best_val": 0.007159528209174179,
  "candidate_dir": "MLPS\\tabular\\shared\\dae_dnn\\results\\stl\\ablation\\parammatched_decade_v1_param_10pow07_08_fresh_v1\\denoising\\_children\\stl_ablation_r01_d06_w1402_1402_1402_1402_1402_1402_1402\\denoising\\stl_ablation_r01_d06_w1402_1402_1402_1402_1402_1402_1402\\cand_000_d6_w1402",
  "checkpoint_best": "MLPS\\tabular\\shared\\dae_dnn\\results\\stl\\ablation\\parammatched_decade_v1_param_10pow07_08_fresh_v1\\denoising\\_children\\stl_ablation_r01_d06_w1402_1402_1402_1402_1402_1402_1402\\denoising\\stl_ablation_r01_d06_w1402_1402_1402_1402_1402_1402_1402\\cand_000_d6_w1402\\checkpoint_best.pt",
  "checkpoint_last": "MLPS\\tabular\\shared\\dae_dnn\\results\\stl\\ablation\\parammatched_decade_v1_param_10pow07_08_fresh_v1\\denoising\\_children\\stl_ablation_r01_d06_w1402_1402_1402_1402_1402_1402_1402\\denoising\\stl_ablation_r01_d06_w1402_1402_1402_1402_1402_1402_1402\\cand_000_d6_w1402\\checkpoint_last.pt",
  "completed": false,
  "epoch": 7,
  "epoch_complete": false,
  "epoch_seed": 7,
  "es_counter": 0,
  "final_epoch": 7,
  "phase": "stl_ablation_r01_d06_w1402_1402_1402_1402_1402_1402_1402",
  "reconstruct": false,
  "running_train_batches": 83,
  "running_train_correct": 0.0,
  "running_train_loss": 8707.843999458477,
  "running_train_samples": 96612,
  "task": "denoising"
}