{
  "architecture": [
    1046,
    1046,
    1046,
    1046,
    1046,
    1046,
    1046,
    1046,
    1046,
    1046
  ],
  "batch_index": 27,
  "batch_size": 2120,
  "batches_per_epoch": 80,
  "best_epoch": 9,
  "best_val": 0.004678951578024943,
  "candidate_dir": "MLPS\\tabular\\shared\\dae_dnn\\results\\stl\\ablation\\parammatched_decade_v1_param_10pow07_08_fresh_v1\\anomaly\\_children\\stl_ablation_r01_d10_w1046_1046_1046_1046_1046_1046_1046_1046_1046_1046_1046\\anomaly\\stl_ablation_r02_d10_w1046_1046_1046_1046_1046_1046_1046_1046_1046_1046_1046\\cand_000_d10_w1046",
  "checkpoint_best": "MLPS\\tabular\\shared\\dae_dnn\\results\\stl\\ablation\\parammatched_decade_v1_param_10pow07_08_fresh_v1\\anomaly\\_children\\stl_ablation_r01_d10_w1046_1046_1046_1046_1046_1046_1046_1046_1046_1046_1046\\anomaly\\stl_ablation_r02_d10_w1046_1046_1046_1046_1046_1046_1046_1046_1046_1046_1046\\cand_000_d10_w1046\\checkpoint_best.pt",
  "checkpoint_last": "MLPS\\tabular\\shared\\dae_dnn\\results\\stl\\ablation\\parammatched_decade_v1_param_10pow07_08_fresh_v1\\anomaly\\_children\\stl_ablation_r01_d10_w1046_1046_1046_1046_1046_1046_1046_1046_1046_1046_1046\\anomaly\\stl_ablation_r02_d10_w1046_1046_1046_1046_1046_1046_1046_1046_1046_1046_1046\\cand_000_d10_w1046\\checkpoint_last.pt",
  "completed": false,
  "epoch": 14,
  "epoch_complete": false,
  "epoch_seed": 14,
  "es_counter": 4,
  "final_epoch": 14,
  "phase": "stl_ablation_r02_d10_w1046_1046_1046_1046_1046_1046_1046_1046_1046_1046_1046",
  "reconstruct": false,
  "running_train_batches": 27,
  "running_train_correct": 0.0,
  "running_train_loss": 516.9591888785362,
  "running_train_samples": 57240,
  "task": "anomaly"
}