{
  "architecture": [
    128,
    128,
    128,
    128,
    128,
    128,
    128,
    128
  ],
  "best_epoch": 85,
  "best_val": 0.2932109236717224,
  "candidate_dir": "MLPS/tabular/shared/dae_dnn/results/stl/small_grid/prediction/stl_ablation/d08/w128/cand_000",
  "depth": 8,
  "final_epoch": 95,
  "params": 118913,
  "phase": "stl_ablation_d08_w128_128_128_128_128_128_128_128_128",
  "resumed": false,
  "test_metrics": {
    "test_loss": 0.31855952739715576
  },
  "width": 128
}