task,repeat,row_type,phase,architecture,parameter_count,best_val,best_epoch,final_epoch,test_loss,test_acc
generation,1,ablation_stl,stl_ablation_r01_d08_w0029_29_29_29_29_29_29_29_29,"[29, 29, 29, 29, 29, 29, 29, 29]",9769,1.0081851527263341,2,12,1.0673680626263324,
generation,2,ablation_stl,stl_ablation_r02_d08_w0029_29_29_29_29_29_29_29_29,"[29, 29, 29, 29, 29, 29, 29, 29]",9769,1.008222919844409,2,12,1.0673644492374685,
generation,3,ablation_stl,stl_ablation_r03_d08_w0029_29_29_29_29_29_29_29_29,"[29, 29, 29, 29, 29, 29, 29, 29]",9769,1.0081960448404037,2,12,1.0673530497499013,
generation,4,ablation_stl,stl_ablation_r04_d08_w0029_29_29_29_29_29_29_29_29,"[29, 29, 29, 29, 29, 29, 29, 29]",9769,1.008205736927423,2,12,1.0673849838239307,
generation,5,ablation_stl,stl_ablation_r05_d08_w0029_29_29_29_29_29_29_29_29,"[29, 29, 29, 29, 29, 29, 29, 29]",9769,1.0082163893179943,2,12,1.0674061088124494,
