task,family,phase,architecture,params,best_val,test_loss,test_acc,knn_acc,cluster_nmi
representation,ADP,ae_width_only,"[151, 151, 151]",56179,0.09417829813981282,,,,
representation,STL_paired,stl_from_ae_width_only,"[151, 151, 151]",56179,0.1894605723978047,0.19004362414099507,0.9250959535980448,0.9424450525808505,0.3368659730572729
