task,repeat,row_type,phase,architecture,parameter_count,best_val,best_epoch,final_epoch,test_loss,test_acc
prediction,1,ablation_stl,stl_ablation_r01_d09_w0033_33_33_33_33_33_33_33_33_33,"[33, 33, 33, 33, 33, 33, 33, 33, 33]",9901,0.2953639030456543,209,219,0.294612318277359,
prediction,2,ablation_stl,stl_ablation_r02_d09_w0033_33_33_33_33_33_33_33_33_33,"[33, 33, 33, 33, 33, 33, 33, 33, 33]",9901,0.29372480511665344,243,253,0.3084283173084259,
prediction,3,ablation_stl,stl_ablation_r03_d09_w0033_33_33_33_33_33_33_33_33_33,"[33, 33, 33, 33, 33, 33, 33, 33, 33]",9901,0.291018545627594,194,204,0.28763291239738464,
prediction,4,ablation_stl,stl_ablation_r04_d09_w0033_33_33_33_33_33_33_33_33_33,"[33, 33, 33, 33, 33, 33, 33, 33, 33]",9901,0.2891339659690857,190,200,0.294904500246048,
prediction,5,ablation_stl,stl_ablation_r05_d09_w0033_33_33_33_33_33_33_33_33_33,"[33, 33, 33, 33, 33, 33, 33, 33, 33]",9901,0.2953297793865204,226,236,0.2938527464866638,
