{
  "architecture": [
    64,
    64,
    64,
    64,
    64,
    64,
    64,
    64,
    64,
    64
  ],
  "best_epoch": 73,
  "best_val": 0.0268064197152853,
  "candidate_dir": "MLPS/tabular/shared/dae_dnn/results/stl/small_grid/simulation/stl_ablation/d10/w064/cand_000",
  "depth": 10,
  "final_epoch": 83,
  "params": 39361,
  "phase": "stl_ablation_d10_w064_64_64_64_64_64_64_64_64_64_64",
  "resumed": false,
  "test_metrics": {
    "test_loss": 0.11380002647638321
  },
  "width": 64
}