task,repeat,row_type,phase,architecture,parameter_count,best_val,best_epoch,final_epoch,test_loss,test_acc
prediction,1,ablation_stl,stl_ablation_r01_d05_w0047_47_47_47_47_47,"[47, 47, 47, 47, 47]",9965,0.31523147225379944,124,134,0.31391024589538574,
prediction,2,ablation_stl,stl_ablation_r02_d05_w0047_47_47_47_47_47,"[47, 47, 47, 47, 47]",9965,0.2882804274559021,243,253,0.27594101428985596,
prediction,3,ablation_stl,stl_ablation_r03_d05_w0047_47_47_47_47_47,"[47, 47, 47, 47, 47]",9965,0.2974078953266144,143,153,0.28331634402275085,
prediction,4,ablation_stl,stl_ablation_r04_d05_w0047_47_47_47_47_47,"[47, 47, 47, 47, 47]",9965,0.2791885733604431,248,258,0.28066524863243103,
prediction,5,ablation_stl,stl_ablation_r05_d05_w0047_47_47_47_47_47,"[47, 47, 47, 47, 47]",9965,0.28460240364074707,250,260,0.2792844772338867,
