task,repeat,row_type,phase,architecture,parameter_count,best_val,best_epoch,final_epoch,test_loss,test_acc
prediction,1,ablation_stl,stl_ablation_r01_d05_w0047_47_47_47_47_47,"[47, 47, 47, 47, 47]",9965,0.29131394624710083,201,211,0.2796497046947479,
prediction,2,ablation_stl,stl_ablation_r02_d05_w0047_47_47_47_47_47,"[47, 47, 47, 47, 47]",9965,0.2849891185760498,227,237,0.2808954417705536,
prediction,3,ablation_stl,stl_ablation_r03_d05_w0047_47_47_47_47_47,"[47, 47, 47, 47, 47]",9965,0.28625404834747314,207,217,0.2752608060836792,
prediction,4,ablation_stl,stl_ablation_r04_d05_w0047_47_47_47_47_47,"[47, 47, 47, 47, 47]",9965,0.2809728682041168,206,216,0.27888572216033936,
prediction,5,ablation_stl,stl_ablation_r05_d05_w0047_47_47_47_47_47,"[47, 47, 47, 47, 47]",9965,0.31703630089759827,129,139,0.30362430214881897,
