{
  "architecture": [
    192,
    192,
    192,
    192,
    192,
    192,
    192,
    192
  ],
  "batch_index": 9,
  "batch_size": 8480,
  "batches_per_epoch": 20,
  "best_epoch": 178,
  "best_val": 0.022941494727178657,
  "candidate_dir": "MLPS/tabular/shared/dae_dnn/results/recovery/missing_width_stl_v1/small_grid_anomaly/_children/stl_ablation_r01_d08_w0192_192_192_192_192_192_192_192_192/anomaly/stl_ablation_r05_d08_w0192_192_192_192_192_192_192_192_192/cand_000_d8_w192",
  "checkpoint_best": "MLPS/tabular/shared/dae_dnn/results/recovery/missing_width_stl_v1/small_grid_anomaly/_children/stl_ablation_r01_d08_w0192_192_192_192_192_192_192_192_192/anomaly/stl_ablation_r05_d08_w0192_192_192_192_192_192_192_192_192/cand_000_d8_w192/checkpoint_best.pt",
  "checkpoint_last": "MLPS/tabular/shared/dae_dnn/results/recovery/missing_width_stl_v1/small_grid_anomaly/_children/stl_ablation_r01_d08_w0192_192_192_192_192_192_192_192_192/anomaly/stl_ablation_r05_d08_w0192_192_192_192_192_192_192_192_192/cand_000_d8_w192/checkpoint_last.pt",
  "completed": false,
  "epoch": 179,
  "epoch_complete": false,
  "epoch_seed": 179,
  "es_counter": 0,
  "final_epoch": 179,
  "phase": "stl_ablation_r05_d08_w0192_192_192_192_192_192_192_192_192",
  "reconstruct": false,
  "running_train_batches": 9,
  "running_train_correct": 0.0,
  "running_train_loss": 1758.3423483371735,
  "running_train_samples": 76320,
  "task": "anomaly"
}