{
  "architecture": [
    192,
    192,
    192,
    192,
    192,
    192,
    192,
    192
  ],
  "batch_index": 5,
  "batch_size": 8480,
  "batches_per_epoch": 20,
  "best_epoch": 190,
  "best_val": 0.010623897636782235,
  "candidate_dir": "MLPS/tabular/shared/dae_dnn/results/recovery/missing_width_stl_v1/small_grid_anomaly/_children/stl_ablation_r01_d08_w0192_192_192_192_192_192_192_192_192/anomaly/stl_ablation_r05_d08_w0192_192_192_192_192_192_192_192_192/cand_000_d8_w192",
  "checkpoint_best": "MLPS/tabular/shared/dae_dnn/results/recovery/missing_width_stl_v1/small_grid_anomaly/_children/stl_ablation_r01_d08_w0192_192_192_192_192_192_192_192_192/anomaly/stl_ablation_r05_d08_w0192_192_192_192_192_192_192_192_192/cand_000_d8_w192/checkpoint_best.pt",
  "checkpoint_last": "MLPS/tabular/shared/dae_dnn/results/recovery/missing_width_stl_v1/small_grid_anomaly/_children/stl_ablation_r01_d08_w0192_192_192_192_192_192_192_192_192/anomaly/stl_ablation_r05_d08_w0192_192_192_192_192_192_192_192_192/cand_000_d8_w192/checkpoint_last.pt",
  "completed": false,
  "epoch": 192,
  "epoch_complete": false,
  "epoch_seed": 192,
  "es_counter": 1,
  "final_epoch": 192,
  "phase": "stl_ablation_r05_d08_w0192_192_192_192_192_192_192_192_192",
  "reconstruct": false,
  "running_train_batches": 5,
  "running_train_correct": 0.0,
  "running_train_loss": 526.2245923280716,
  "running_train_samples": 42400,
  "task": "anomaly"
}