{
  "architecture": [
    192,
    192,
    192,
    192,
    192,
    192,
    192,
    192
  ],
  "batch_index": 18,
  "batch_size": 8480,
  "batches_per_epoch": 20,
  "best_epoch": 188,
  "best_val": 0.012967170271962616,
  "candidate_dir": "MLPS/tabular/shared/dae_dnn/results/recovery/missing_width_stl_v1/small_grid_anomaly/_children/stl_ablation_r01_d08_w0192_192_192_192_192_192_192_192_192/anomaly/stl_ablation_r05_d08_w0192_192_192_192_192_192_192_192_192/cand_000_d8_w192",
  "checkpoint_best": "MLPS/tabular/shared/dae_dnn/results/recovery/missing_width_stl_v1/small_grid_anomaly/_children/stl_ablation_r01_d08_w0192_192_192_192_192_192_192_192_192/anomaly/stl_ablation_r05_d08_w0192_192_192_192_192_192_192_192_192/cand_000_d8_w192/checkpoint_best.pt",
  "checkpoint_last": "MLPS/tabular/shared/dae_dnn/results/recovery/missing_width_stl_v1/small_grid_anomaly/_children/stl_ablation_r01_d08_w0192_192_192_192_192_192_192_192_192/anomaly/stl_ablation_r05_d08_w0192_192_192_192_192_192_192_192_192/cand_000_d8_w192/checkpoint_last.pt",
  "completed": false,
  "epoch": 189,
  "epoch_complete": false,
  "epoch_seed": 189,
  "es_counter": 0,
  "final_epoch": 189,
  "phase": "stl_ablation_r05_d08_w0192_192_192_192_192_192_192_192_192",
  "reconstruct": false,
  "running_train_batches": 18,
  "running_train_correct": 0.0,
  "running_train_loss": 1847.800059914589,
  "running_train_samples": 152640,
  "task": "anomaly"
}