{
  "architecture": [
    1186,
    1186,
    1186,
    1186,
    1186,
    1186,
    1186,
    1186
  ],
  "batch_index": 132,
  "batch_size": 1060,
  "batches_per_epoch": 160,
  "best_epoch": 2,
  "best_val": 0.021263722047184384,
  "candidate_dir": "MLPS\\tabular\\shared\\dae_dnn\\results\\stl\\ablation\\parammatched_decade_v1_param_10pow07_08_fresh_v1\\anomaly\\_children\\stl_ablation_r01_d08_w1186_1186_1186_1186_1186_1186_1186_1186_1186\\anomaly\\stl_ablation_r02_d08_w1186_1186_1186_1186_1186_1186_1186_1186_1186\\cand_000_d8_w1186",
  "checkpoint_best": "MLPS\\tabular\\shared\\dae_dnn\\results\\stl\\ablation\\parammatched_decade_v1_param_10pow07_08_fresh_v1\\anomaly\\_children\\stl_ablation_r01_d08_w1186_1186_1186_1186_1186_1186_1186_1186_1186\\anomaly\\stl_ablation_r02_d08_w1186_1186_1186_1186_1186_1186_1186_1186_1186\\cand_000_d8_w1186\\checkpoint_best.pt",
  "checkpoint_last": "MLPS\\tabular\\shared\\dae_dnn\\results\\stl\\ablation\\parammatched_decade_v1_param_10pow07_08_fresh_v1\\anomaly\\_children\\stl_ablation_r01_d08_w1186_1186_1186_1186_1186_1186_1186_1186_1186\\anomaly\\stl_ablation_r02_d08_w1186_1186_1186_1186_1186_1186_1186_1186_1186\\cand_000_d8_w1186\\checkpoint_last.pt",
  "completed": false,
  "epoch": 5,
  "epoch_complete": false,
  "epoch_seed": 5,
  "es_counter": 2,
  "final_epoch": 5,
  "phase": "stl_ablation_r02_d08_w1186_1186_1186_1186_1186_1186_1186_1186_1186",
  "reconstruct": false,
  "running_train_batches": 132,
  "running_train_correct": 0.0,
  "running_train_loss": 1308.582647003932,
  "running_train_samples": 139920,
  "task": "anomaly"
}