{
  "architecture": [
    160,
    160,
    160,
    160,
    160,
    160,
    160,
    160
  ],
  "best_epoch": 39,
  "best_val": 0.02649867720901966,
  "candidate_dir": "MLPS/tabular/shared/dae_dnn/results/stl/small_grid/simulation/stl_ablation/d08/w160/cand_000",
  "depth": 8,
  "final_epoch": 49,
  "params": 184481,
  "phase": "stl_ablation_d08_w160_160_160_160_160_160_160_160_160",
  "resumed": false,
  "test_metrics": {
    "test_loss": 0.07444851100444794
  },
  "width": 160
}