{
  "architecture": [
    192,
    192,
    192,
    192,
    192,
    192,
    192,
    192
  ],
  "best_epoch": 69,
  "best_val": 0.015589564107358456,
  "candidate_dir": "MLPS/tabular/shared/dae_dnn/results/stl/small_grid/simulation_prediction_v1/simulation/stl_ablation/d08/w192/cand_000",
  "depth": 8,
  "final_epoch": 79,
  "params": 264385,
  "phase": "stl_ablation_d08_w192_192_192_192_192_192_192_192_192",
  "resumed": false,
  "test_metrics": {
    "test_loss": 0.06169004365801811
  },
  "width": 192
}