task,repeat,row_type,phase,architecture,parameter_count,best_val,best_epoch,final_epoch,test_loss,test_acc
anomaly,1,ablation_stl,stl_ablation_r01_d08_w0224_224_224_224_224_224_224_224_224,"[224, 224, 224, 224, 224, 224, 224, 224]",380854,0.0015573449756673332,34,44,0.2851113620906008,
anomaly,2,ablation_stl,stl_ablation_r02_d08_w0224_224_224_224_224_224_224_224_224,"[224, 224, 224, 224, 224, 224, 224, 224]",380854,0.0014306566441855306,44,54,0.2854942388964523,
anomaly,3,ablation_stl,stl_ablation_r03_d08_w0224_224_224_224_224_224_224_224_224,"[224, 224, 224, 224, 224, 224, 224, 224]",380854,0.0011287660982329832,60,70,0.28335868741557363,
anomaly,4,ablation_stl,stl_ablation_r04_d08_w0224_224_224_224_224_224_224_224_224,"[224, 224, 224, 224, 224, 224, 224, 224]",380854,0.0014276599361742431,44,54,0.28667916908626306,
anomaly,5,ablation_stl,stl_ablation_r05_d08_w0224_224_224_224_224_224_224_224_224,"[224, 224, 224, 224, 224, 224, 224, 224]",380854,0.0014077610671953406,40,50,0.28059280673846454,
