task,repeat,row_type,phase,architecture,parameter_count,best_val,best_epoch,final_epoch,test_loss,test_acc
prediction,1,ablation_stl,stl_ablation_r01_d07_w0055_55_55_55_55_55_55_55,"[55, 55, 55, 55, 55, 55, 55]",19801,0.29465362429618835,175,185,0.30682313442230225,
prediction,2,ablation_stl,stl_ablation_r02_d07_w0055_55_55_55_55_55_55_55,"[55, 55, 55, 55, 55, 55, 55]",19801,0.3121040165424347,121,131,0.30396783351898193,
prediction,3,ablation_stl,stl_ablation_r03_d07_w0055_55_55_55_55_55_55_55,"[55, 55, 55, 55, 55, 55, 55]",19801,0.2950391173362732,177,187,0.2757814824581146,
prediction,4,ablation_stl,stl_ablation_r04_d07_w0055_55_55_55_55_55_55_55,"[55, 55, 55, 55, 55, 55, 55]",19801,0.2773195207118988,195,205,0.27242469787597656,
prediction,5,ablation_stl,stl_ablation_r05_d07_w0055_55_55_55_55_55_55_55,"[55, 55, 55, 55, 55, 55, 55]",19801,0.2912260890007019,163,173,0.2838740944862366,
