{
  "architecture": [
    1046,
    1046,
    1046,
    1046,
    1046,
    1046,
    1046,
    1046,
    1046,
    1046
  ],
  "batch_index": 149,
  "batch_size": 1164,
  "batches_per_epoch": 400,
  "best_epoch": 3,
  "best_val": 1.0081234340786644,
  "candidate_dir": "MLPS\\tabular\\shared\\dae_dnn\\results\\stl\\ablation\\parammatched_decade_v1_param_10pow07_08_fresh_v1\\generation\\_children\\stl_ablation_r01_d10_w1046_1046_1046_1046_1046_1046_1046_1046_1046_1046_1046\\generation\\stl_ablation_r01_d10_w1046_1046_1046_1046_1046_1046_1046_1046_1046_1046_1046\\cand_000_d10_w1046",
  "checkpoint_best": "MLPS\\tabular\\shared\\dae_dnn\\results\\stl\\ablation\\parammatched_decade_v1_param_10pow07_08_fresh_v1\\generation\\_children\\stl_ablation_r01_d10_w1046_1046_1046_1046_1046_1046_1046_1046_1046_1046_1046\\generation\\stl_ablation_r01_d10_w1046_1046_1046_1046_1046_1046_1046_1046_1046_1046_1046\\cand_000_d10_w1046\\checkpoint_best.pt",
  "checkpoint_last": "MLPS\\tabular\\shared\\dae_dnn\\results\\stl\\ablation\\parammatched_decade_v1_param_10pow07_08_fresh_v1\\generation\\_children\\stl_ablation_r01_d10_w1046_1046_1046_1046_1046_1046_1046_1046_1046_1046_1046\\generation\\stl_ablation_r01_d10_w1046_1046_1046_1046_1046_1046_1046_1046_1046_1046_1046\\cand_000_d10_w1046\\checkpoint_last.pt",
  "completed": false,
  "epoch": 6,
  "epoch_complete": false,
  "epoch_seed": 6,
  "es_counter": 2,
  "final_epoch": 6,
  "phase": "stl_ablation_r01_d10_w1046_1046_1046_1046_1046_1046_1046_1046_1046_1046_1046",
  "reconstruct": false,
  "running_train_batches": 149,
  "running_train_correct": 0.0,
  "running_train_loss": 175026.89346385002,
  "running_train_samples": 173436,
  "task": "generation"
}