task,repeat,row_type,phase,architecture,parameter_count,best_val,best_epoch,final_epoch,test_loss,test_acc
simulation,1,ablation_stl,stl_ablation_r01_d06_w0042_42_42_42_42_42_42,"[42, 42, 42, 42, 42, 42]",9955,0.016722366213798523,114,124,0.03294840455055237,
simulation,2,ablation_stl,stl_ablation_r02_d06_w0042_42_42_42_42_42_42,"[42, 42, 42, 42, 42, 42]",9955,0.01587250642478466,127,137,0.024448510259389877,
simulation,3,ablation_stl,stl_ablation_r03_d06_w0042_42_42_42_42_42_42,"[42, 42, 42, 42, 42, 42]",9955,0.011898655444383621,109,119,0.03620260953903198,
simulation,4,ablation_stl,stl_ablation_r04_d06_w0042_42_42_42_42_42_42,"[42, 42, 42, 42, 42, 42]",9955,0.008505592122673988,159,169,0.041217658668756485,
simulation,5,ablation_stl,stl_ablation_r05_d06_w0042_42_42_42_42_42_42,"[42, 42, 42, 42, 42, 42]",9955,0.01582908257842064,180,190,0.03850548714399338,
