task,family,phase,architecture,params,best_val,test_loss,test_acc,knn_acc,cluster_nmi
representation,ADP,ae_width_only,"[113, 113, 113, 112, 112]",59320,0.08674525539660437,,,,
representation,STL_paired,stl_from_ae_width_only,"[113, 113, 113, 112, 112]",59320,0.19109221487250996,0.19310896704831784,0.9245279771432505,0.9474191494122304,0.45271472761327186
