task,family,phase,architecture,params,best_val,test_loss,test_acc,knn_acc,cluster_nmi
representation,ADP,ae_width_only,"[154, 154, 154]",58219,0.09291029235385326,,,,
representation,STL_paired,stl_from_ae_width_only,"[154, 154, 154]",58219,0.19948244119085043,0.20139085118561237,0.9211373298222062,0.9434088914132287,0.3558350681183422
