{
  "architecture": [
    160,
    160,
    160,
    160,
    160,
    160,
    160,
    160
  ],
  "best_epoch": 96,
  "best_val": 0.2795741558074951,
  "candidate_dir": "MLPS/tabular/shared/dae_dnn/results/stl/small_grid/prediction/stl_ablation/d08/w160/cand_000",
  "depth": 8,
  "final_epoch": 106,
  "params": 184481,
  "phase": "stl_ablation_d08_w160_160_160_160_160_160_160_160_160",
  "resumed": false,
  "test_metrics": {
    "test_loss": 0.2755745053291321
  },
  "width": 160
}