task,family,phase,architecture,params,best_val,test_loss,test_acc,knn_acc,cluster_nmi
representation,ADP,ae_width_only,"[140, 140, 140, 140]",69027,0.08835405926592402,,,,
representation,STL_paired,stl_from_ae_width_only,"[140, 140, 140, 140]",69027,0.1725695832343777,0.1720846033344474,0.9319805166864598,0.9481248171287929,0.4296714192769595
