{
  "architecture": [
    1280,
    1280,
    1280,
    1280,
    1280,
    1280,
    1280
  ],
  "batch_index": 4,
  "batch_size": 582,
  "batches_per_epoch": 799,
  "best_epoch": 3,
  "best_val": 0.0008695296466730643,
  "candidate_dir": "MLPS\\tabular\\shared\\dae_dnn\\results\\stl\\ablation\\parammatched_decade_v1_param_10pow07_08_fresh_v1\\autoencoding\\_children\\stl_ablation_r01_d07_w1280_1280_1280_1280_1280_1280_1280_1280\\autoencoding\\stl_ablation_r01_d07_w1280_1280_1280_1280_1280_1280_1280_1280\\cand_000_d7_w1280",
  "checkpoint_best": "MLPS\\tabular\\shared\\dae_dnn\\results\\stl\\ablation\\parammatched_decade_v1_param_10pow07_08_fresh_v1\\autoencoding\\_children\\stl_ablation_r01_d07_w1280_1280_1280_1280_1280_1280_1280_1280\\autoencoding\\stl_ablation_r01_d07_w1280_1280_1280_1280_1280_1280_1280_1280\\cand_000_d7_w1280\\checkpoint_best.pt",
  "checkpoint_last": "MLPS\\tabular\\shared\\dae_dnn\\results\\stl\\ablation\\parammatched_decade_v1_param_10pow07_08_fresh_v1\\autoencoding\\_children\\stl_ablation_r01_d07_w1280_1280_1280_1280_1280_1280_1280_1280\\autoencoding\\stl_ablation_r01_d07_w1280_1280_1280_1280_1280_1280_1280_1280\\cand_000_d7_w1280\\checkpoint_last.pt",
  "completed": false,
  "epoch": 7,
  "epoch_complete": false,
  "epoch_seed": 7,
  "es_counter": 3,
  "final_epoch": 7,
  "phase": "stl_ablation_r01_d07_w1280_1280_1280_1280_1280_1280_1280_1280",
  "reconstruct": false,
  "running_train_batches": 4,
  "running_train_correct": 0.0,
  "running_train_loss": 12.242795619182289,
  "running_train_samples": 2328,
  "task": "autoencoding"
}