task,repeat,row_type,phase,architecture,parameter_count,best_val,best_epoch,final_epoch,test_loss,test_acc
anomaly,1,ablation_stl,stl_ablation_r01_d06_w0256_256_256_256_256_256_256,"[256, 256, 256, 256, 256, 256]",359990,0.001172460421455306,91,101,0.2615922927681789,
anomaly,2,ablation_stl,stl_ablation_r02_d06_w0256_256_256_256_256_256_256,"[256, 256, 256, 256, 256, 256]",359990,0.000707677067673909,59,69,0.3022980700455195,
anomaly,3,ablation_stl,stl_ablation_r03_d06_w0256_256_256_256_256_256_256,"[256, 256, 256, 256, 256, 256]",359990,0.0009564961684060558,38,48,0.28811744419761587,
anomaly,4,ablation_stl,stl_ablation_r04_d06_w0256_256_256_256_256_256_256,"[256, 256, 256, 256, 256, 256]",359990,0.001140777992126355,30,40,0.29450999805356726,
anomaly,5,ablation_stl,stl_ablation_r05_d06_w0256_256_256_256_256_256_256,"[256, 256, 256, 256, 256, 256]",359990,0.0010579130381640166,36,46,0.28782765824227896,
