{
  "architecture": [
    128,
    128,
    128,
    128,
    128,
    128,
    128,
    128
  ],
  "best_epoch": 61,
  "best_val": 0.009203971363604069,
  "candidate_dir": "MLPS/tabular/shared/dae_dnn/results/stl/small_grid/simulation/stl_ablation/d08/w128/cand_000",
  "depth": 8,
  "final_epoch": 71,
  "params": 118913,
  "phase": "stl_ablation_d08_w128_128_128_128_128_128_128_128_128",
  "resumed": false,
  "test_metrics": {
    "test_loss": 0.11349868774414062
  },
  "width": 128
}