{
  "architecture": [
    96,
    96,
    96,
    96,
    96,
    96,
    96,
    96,
    96,
    96
  ],
  "best_epoch": 92,
  "best_val": 0.2910461127758026,
  "candidate_dir": "MLPS/tabular/shared/dae_dnn/results/stl/small_grid/prediction/stl_ablation/d10/w096/cand_000",
  "depth": 10,
  "final_epoch": 102,
  "params": 86689,
  "phase": "stl_ablation_d10_w096_96_96_96_96_96_96_96_96_96_96",
  "resumed": false,
  "test_metrics": {
    "test_loss": 0.30736103653907776
  },
  "width": 96
}