task,repeat,row_type,phase,architecture,parameter_count,best_val,best_epoch,final_epoch,test_loss,test_acc
prediction,1,ablation_stl,stl_ablation_r01_d03_w2232_2232_2232_2232,"[2232, 2232, 2232]",10003825,0.2759805917739868,44,54,0.8914944529533386,
prediction,2,ablation_stl,stl_ablation_r02_d03_w2232_2232_2232_2232,"[2232, 2232, 2232]",10003825,0.2681346833705902,33,43,0.29576143622398376,
prediction,3,ablation_stl,stl_ablation_r03_d03_w2232_2232_2232_2232,"[2232, 2232, 2232]",10003825,0.27733439207077026,26,36,0.7193183898925781,
prediction,4,ablation_stl,stl_ablation_r04_d03_w2232_2232_2232_2232,"[2232, 2232, 2232]",10003825,0.2770175039768219,37,47,0.4537951350212097,
prediction,5,ablation_stl,stl_ablation_r05_d03_w2232_2232_2232_2232,"[2232, 2232, 2232]",10003825,0.27124348282814026,47,57,0.26487427949905396,
