{
  "architecture": [
    256,
    256,
    256,
    256,
    256,
    256,
    256,
    256,
    256,
    256
  ],
  "best_epoch": 110,
  "best_val": 0.0010491006541997194,
  "candidate_dir": "MLPS/tabular/shared/dae_dnn/results/stl/small_grid/simulation/stl_ablation/d10/w256/cand_000",
  "depth": 10,
  "final_epoch": 120,
  "params": 599809,
  "phase": "stl_ablation_d10_w256_256_256_256_256_256_256_256_256_256_256",
  "resumed": false,
  "test_metrics": {
    "test_loss": 0.011791184544563293
  },
  "width": 256
}