task,family,phase,architecture,params,best_val,test_loss,test_acc,knn_acc,cluster_nmi
representation,ADP,ae_width_only,"[127, 126, 126, 126]",57016,0.08626682305077066,,,,
representation,STL_paired,stl_from_ae_width_only,"[127, 126, 126, 126]",57016,0.20877099607918662,0.20950985515195203,0.9165074611452471,0.9451300321853324,0.44338816187212005
