{
  "architecture": [
    1046,
    1046,
    1046,
    1046,
    1046,
    1046,
    1046,
    1046,
    1046,
    1046
  ],
  "batch_index": 611,
  "batch_size": 582,
  "batches_per_epoch": 799,
  "best_epoch": 4,
  "best_val": 0.0013543186578809697,
  "candidate_dir": "MLPS\\tabular\\shared\\dae_dnn\\results\\stl\\ablation\\parammatched_decade_v1_param_10pow07_08_fresh_v1\\autoencoding\\_children\\stl_ablation_r01_d10_w1046_1046_1046_1046_1046_1046_1046_1046_1046_1046_1046\\autoencoding\\stl_ablation_r01_d10_w1046_1046_1046_1046_1046_1046_1046_1046_1046_1046_1046\\cand_000_d10_w1046",
  "checkpoint_best": "MLPS\\tabular\\shared\\dae_dnn\\results\\stl\\ablation\\parammatched_decade_v1_param_10pow07_08_fresh_v1\\autoencoding\\_children\\stl_ablation_r01_d10_w1046_1046_1046_1046_1046_1046_1046_1046_1046_1046_1046\\autoencoding\\stl_ablation_r01_d10_w1046_1046_1046_1046_1046_1046_1046_1046_1046_1046_1046\\cand_000_d10_w1046\\checkpoint_best.pt",
  "checkpoint_last": "MLPS\\tabular\\shared\\dae_dnn\\results\\stl\\ablation\\parammatched_decade_v1_param_10pow07_08_fresh_v1\\autoencoding\\_children\\stl_ablation_r01_d10_w1046_1046_1046_1046_1046_1046_1046_1046_1046_1046_1046\\autoencoding\\stl_ablation_r01_d10_w1046_1046_1046_1046_1046_1046_1046_1046_1046_1046_1046\\cand_000_d10_w1046\\checkpoint_last.pt",
  "completed": false,
  "epoch": 6,
  "epoch_complete": false,
  "epoch_seed": 6,
  "es_counter": 1,
  "final_epoch": 6,
  "phase": "stl_ablation_r01_d10_w1046_1046_1046_1046_1046_1046_1046_1046_1046_1046_1046",
  "reconstruct": false,
  "running_train_batches": 611,
  "running_train_correct": 0.0,
  "running_train_loss": 17719.20517351292,
  "running_train_samples": 355602,
  "task": "autoencoding"
}