task,repeat,row_type,phase,architecture,parameter_count,best_val,best_epoch,final_epoch,test_loss,test_acc
prediction,4,ablation_stl,stl_ablation_r04_d04_w1822_1822_1822_1822_1822,"[1822, 1822, 1822, 1822]",9997315,0.3601985275745392,21,31,0.3559461236000061,
prediction,5,ablation_stl,stl_ablation_r05_d04_w1822_1822_1822_1822_1822,"[1822, 1822, 1822, 1822]",9997315,0.4313218593597412,20,30,0.5172163844108582,
