{
  "architecture": [
    1189,
    1189,
    1189,
    1189,
    1189,
    1189,
    1189,
    1189
  ],
  "batch_index": 197,
  "batch_size": 1164,
  "batches_per_epoch": 400,
  "best_epoch": 7,
  "best_val": 0.18659292990965484,
  "candidate_dir": "MLPS\\tabular\\shared\\dae_dnn\\results\\stl\\ablation\\parammatched_decade_v1_param_10pow07_08_fresh_v1\\classification\\_children\\stl_ablation_r01_d08_w1189_1189_1189_1189_1189_1189_1189_1189_1189\\classification\\stl_ablation_r01_d08_w1189_1189_1189_1189_1189_1189_1189_1189_1189\\cand_000_d8_w1189",
  "checkpoint_best": "MLPS\\tabular\\shared\\dae_dnn\\results\\stl\\ablation\\parammatched_decade_v1_param_10pow07_08_fresh_v1\\classification\\_children\\stl_ablation_r01_d08_w1189_1189_1189_1189_1189_1189_1189_1189_1189\\classification\\stl_ablation_r01_d08_w1189_1189_1189_1189_1189_1189_1189_1189_1189\\cand_000_d8_w1189\\checkpoint_best.pt",
  "checkpoint_last": "MLPS\\tabular\\shared\\dae_dnn\\results\\stl\\ablation\\parammatched_decade_v1_param_10pow07_08_fresh_v1\\classification\\_children\\stl_ablation_r01_d08_w1189_1189_1189_1189_1189_1189_1189_1189_1189\\classification\\stl_ablation_r01_d08_w1189_1189_1189_1189_1189_1189_1189_1189_1189\\cand_000_d8_w1189\\checkpoint_last.pt",
  "completed": false,
  "epoch": 8,
  "epoch_complete": false,
  "epoch_seed": 8,
  "es_counter": 0,
  "final_epoch": 8,
  "phase": "stl_ablation_r01_d08_w1189_1189_1189_1189_1189_1189_1189_1189_1189",
  "reconstruct": false,
  "running_train_batches": 197,
  "running_train_correct": 212881.0,
  "running_train_loss": 39644.147499740124,
  "running_train_samples": 229308,
  "task": "classification"
}