task,repeat,row_type,phase,architecture,parameter_count,best_val,best_epoch,final_epoch,test_loss,test_acc
prediction,1,ablation_stl,stl_ablation_r01_d02_w3155_3155_3155,"[3155, 3155]",10001351,0.3372240364551544,42,52,1.407821774482727,
prediction,2,ablation_stl,stl_ablation_r02_d02_w3155_3155_3155,"[3155, 3155]",10001351,0.5320353507995605,24,34,1.1237692832946777,
prediction,3,ablation_stl,stl_ablation_r03_d02_w3155_3155_3155,"[3155, 3155]",10001351,0.3398043215274811,40,50,0.3581431210041046,
prediction,4,ablation_stl,stl_ablation_r04_d02_w3155_3155_3155,"[3155, 3155]",10001351,0.3968918025493622,28,38,2.1053147315979004,
prediction,5,ablation_stl,stl_ablation_r05_d02_w3155_3155_3155,"[3155, 3155]",10001351,0.4271821081638336,22,32,0.9036657810211182,
