task,family,phase,architecture,params,best_val,test_loss,test_acc,knn_acc,cluster_nmi
representation,ADP,ae_width_only,"[87, 87, 86, 86, 86, 86, 86]",51754,0.08607870864507773,,,,
representation,STL_paired,stl_from_ae_width_only,"[87, 87, 86, 86, 86, 86, 86]",51754,0.18561053343923964,0.18743089253816345,0.9286415035885786,0.9502073974630385,0.4965769144569529
