{
  "architecture": [
    1280,
    1280,
    1280,
    1280,
    1280,
    1280,
    1280
  ],
  "batch_index": 276,
  "batch_size": 1164,
  "batches_per_epoch": 400,
  "best_epoch": 3,
  "best_val": 1.008116305003681,
  "candidate_dir": "MLPS\\tabular\\shared\\dae_dnn\\results\\stl\\ablation\\parammatched_decade_v1_param_10pow07_08_fresh_v1\\generation\\_children\\stl_ablation_r01_d07_w1280_1280_1280_1280_1280_1280_1280_1280\\generation\\stl_ablation_r01_d07_w1280_1280_1280_1280_1280_1280_1280_1280\\cand_000_d7_w1280",
  "checkpoint_best": "MLPS\\tabular\\shared\\dae_dnn\\results\\stl\\ablation\\parammatched_decade_v1_param_10pow07_08_fresh_v1\\generation\\_children\\stl_ablation_r01_d07_w1280_1280_1280_1280_1280_1280_1280_1280\\generation\\stl_ablation_r01_d07_w1280_1280_1280_1280_1280_1280_1280_1280\\cand_000_d7_w1280\\checkpoint_best.pt",
  "checkpoint_last": "MLPS\\tabular\\shared\\dae_dnn\\results\\stl\\ablation\\parammatched_decade_v1_param_10pow07_08_fresh_v1\\generation\\_children\\stl_ablation_r01_d07_w1280_1280_1280_1280_1280_1280_1280_1280\\generation\\stl_ablation_r01_d07_w1280_1280_1280_1280_1280_1280_1280_1280\\cand_000_d7_w1280\\checkpoint_last.pt",
  "completed": false,
  "epoch": 8,
  "epoch_complete": false,
  "epoch_seed": 8,
  "es_counter": 4,
  "final_epoch": 8,
  "phase": "stl_ablation_r01_d07_w1280_1280_1280_1280_1280_1280_1280_1280",
  "reconstruct": false,
  "running_train_batches": 276,
  "running_train_correct": 0.0,
  "running_train_loss": 323804.1077363491,
  "running_train_samples": 321264,
  "task": "generation"
}