{
  "architecture": [
    160,
    160,
    160,
    160,
    160,
    160,
    160,
    160,
    160,
    160
  ],
  "best_epoch": 69,
  "best_val": 0.2961346507072449,
  "candidate_dir": "MLPS/tabular/shared/dae_dnn/results/stl/small_grid/simulation_prediction_v1/prediction/stl_ablation/d10/w160/cand_000",
  "depth": 10,
  "final_epoch": 79,
  "params": 236641,
  "phase": "stl_ablation_d10_w160_160_160_160_160_160_160_160_160_160_160",
  "resumed": false,
  "test_metrics": {
    "test_loss": 0.30264872312545776
  },
  "width": 160
}