task,repeat,row_type,phase,architecture,parameter_count,best_val,best_epoch,final_epoch,test_loss,test_acc
simulation,1,ablation_stl,stl_ablation_r01_d07_w0038_38_38_38_38_38_38_38,"[38, 38, 38, 38, 38, 38, 38]",9805,0.01879703998565674,92,102,0.04330582916736603,
simulation,2,ablation_stl,stl_ablation_r02_d07_w0038_38_38_38_38_38_38_38,"[38, 38, 38, 38, 38, 38, 38]",9805,0.007257141638547182,243,253,0.02380228415131569,
simulation,3,ablation_stl,stl_ablation_r03_d07_w0038_38_38_38_38_38_38_38,"[38, 38, 38, 38, 38, 38, 38]",9805,0.010709019377827644,155,165,0.01955174282193184,
simulation,4,ablation_stl,stl_ablation_r04_d07_w0038_38_38_38_38_38_38_38,"[38, 38, 38, 38, 38, 38, 38]",9805,0.014769228175282478,90,100,0.0331609845161438,
simulation,5,ablation_stl,stl_ablation_r05_d07_w0038_38_38_38_38_38_38_38,"[38, 38, 38, 38, 38, 38, 38]",9805,0.012538080103695393,118,128,0.019641492515802383,
