task,repeat,row_type,phase,architecture,parameter_count,best_val,best_epoch,final_epoch,test_loss,test_acc
autoencoding,1,ablation_stl,stl_ablation_r01_d03_w0047_47_47_47,"[47, 47, 47]",9971,0.01967986323987332,70,80,0.021939030206226697,
autoencoding,2,ablation_stl,stl_ablation_r02_d03_w0047_47_47_47,"[47, 47, 47]",9971,0.01952776147462645,90,100,0.020204503051199918,
autoencoding,3,ablation_stl,stl_ablation_r03_d03_w0047_47_47_47,"[47, 47, 47]",9971,0.019697967745341015,70,80,0.021571960996234554,
autoencoding,4,ablation_stl,stl_ablation_r04_d03_w0047_47_47_47,"[47, 47, 47]",9971,0.019938924741522174,53,63,0.021374047034497832,
autoencoding,5,ablation_stl,stl_ablation_r05_d03_w0047_47_47_47,"[47, 47, 47]",9971,0.01936707386334695,71,81,0.02209421732510694,
