task,repeat,row_type,phase,architecture,parameter_count,best_val,best_epoch,final_epoch,test_loss,test_acc
anomaly,1,ablation_stl,stl_ablation_r01_d07_w0031_31_31_31_31_31_31_31,"[31, 31, 31, 31, 31, 31, 31]",9819,0.04658092220297471,89,99,0.5254937898437467,
anomaly,2,ablation_stl,stl_ablation_r02_d07_w0031_31_31_31_31_31_31_31,"[31, 31, 31, 31, 31, 31, 31]",9819,0.05149327329255882,59,69,0.47778710626131515,
anomaly,3,ablation_stl,stl_ablation_r03_d07_w0031_31_31_31_31_31_31_31,"[31, 31, 31, 31, 31, 31, 31]",9819,0.05061907967805051,73,83,0.4606206579921648,
anomaly,4,ablation_stl,stl_ablation_r04_d07_w0031_31_31_31_31_31_31_31,"[31, 31, 31, 31, 31, 31, 31]",9819,0.04720653428934341,76,86,0.46508584990685814,
anomaly,5,ablation_stl,stl_ablation_r05_d07_w0031_31_31_31_31_31_31_31,"[31, 31, 31, 31, 31, 31, 31]",9819,0.04832763537358845,73,83,0.466785284920372,
